CartID,Index,RawPos,MovingAverage,OrigFilter
14,2,0.714788,0.714788,0.714788
14,3,0.714781,0.714779523809524,0.714781
14,4,0.714793,0.714779818181818,0.714793
14,5,0.714793,0.714780086956521,0.714793
14,6,0.714781,0.714779916666667,0.714781
14,7,0.714783,0.71477976,0.714783
14,8,0.714783,0.714779423076923,0.714783
14,9,0.714788,0.714779037037037,0.714788
14,10,0.714781,0.714778678571429,0.71478
14,11,0.714781,0.714778379310345,0.71478
14,12,0.714779,0.7147782,0.714779
14,13,0.71478,0.714778032258065,0.714779
14,14,0.71478,0.71477784375,0.714778
14,15,0.714768,0.714777393939394,0.714776
14,16,0.714769,0.714776970588235,0.714775
14,17,0.714769,0.7147768,0.714774
14,18,0.714772,0.714776666666667,0.714773
14,19,0.714768,0.714776540540541,0.714771
14,20,0.714768,0.714776736842105,0.71477
14,21,0.714785,0.714776846153846,0.714771
14,22,0.71478,0.71477695,0.714771
14,23,0.714786,0.71477655,0.714771
14,24,0.714786,0.71477625,0.714772
14,25,0.714776,0.71477565,0.714772
14,26,0.714776,0.714774825,0.714771
14,27,0.714771,0.714774075,0.71477
14,28,0.714769,0.714773275,0.71477
14,29,0.714769,0.71477295,0.714769
14,30,0.71477,0.71477255,0.714768
14,31,0.714773,0.714772325,0.714768
14,32,0.714773,0.71477225,0.714767
14,33,0.714772,0.7147723,0.714767
14,34,0.714763,0.714772325,0.714766
14,35,0.714763,0.714772575,0.714765
14,36,0.714771,0.7147733,0.714765
14,37,0.714772,0.714774,0.714765
14,38,0.714772,0.71477425,0.714765
14,39,0.714784,0.714774325,0.714766
14,40,0.714781,0.7147745,0.714767
14,41,0.714781,0.714774675,0.714767
14,42,0.714772,0.714774475,0.714767
14,43,0.714769,0.7147744,0.714766
14,44,0.714769,0.71477435,0.714766
14,45,0.71476,0.71477415,0.714764
14,46,0.714751,0.7147742,0.714762
14,47,0.714751,0.714774275,0.71476
14,48,0.71477,0.7147744,0.714761
14,49,0.714772,0.714774575,0.714761
14,50,0.714772,0.71477425,0.714761
14,51,0.714778,0.714773875,0.714762
14,52,0.714781,0.714773425,0.714763
14,53,0.714781,0.714773,0.714764
14,54,0.71479,0.7147725,0.714766
14,55,0.714797,0.7147724,0.714769
14,56,0.714797,0.7147723,0.714771
14,57,0.714779,0.714772,0.714771
14,58,0.714775,0.714771675,0.71477
14,59,0.714775,0.714771625,0.71477
14,60,0.714775,0.714771375,0.71477
14,61,0.714777,0.7147712,0.71477
14,62,0.714777,0.714771125,0.71477
14,63,0.714784,0.7147711,0.71477
14,64,0.714778,0.71477115,0.71477
14,65,0.714778,0.714771275,0.71477
14,66,0.714779,0.7147716,0.71477
14,67,0.714776,0.71477215,0.71477
14,68,0.714776,0.71477245,0.71477
14,69,0.714756,0.7147722,0.714768
14,70,0.714755,0.7147719,0.714766
14,71,0.714755,0.71477155,0.714764
14,72,0.714756,0.71477105,0.714762
14,73,0.714752,0.714770475,0.714761
14,74,0.714759,0.71477015,0.714759
14,75,0.714759,0.7147696,0.714758
14,76,0.714759,0.714768875,0.714757
14,77,0.714759,0.71476795,0.714757
14,78,0.71477,0.7147676,0.714757
14,79,0.714774,0.71476735,0.714758
14,80,0.714774,0.71476705,0.714759
14,81,0.714778,0.714766725,0.71476
14,82,0.714771,0.71476635,0.71476
14,83,0.714771,0.714766275,0.714761
14,84,0.714774,0.714766025,0.714761
14,85,0.714773,0.714765925,0.714762
14,86,0.714773,0.71476545,0.714762
14,87,0.714763,0.71476475,0.714761
14,88,0.71476,0.714764125,0.71476
14,89,0.71476,0.7147636,0.71476
14,90,0.714758,0.714763725,0.714759
14,91,0.714758,0.714763875,0.714758
14,92,0.714758,0.714764025,0.714757
14,93,0.714768,0.71476435,0.714757
14,94,0.714768,0.714764775,0.714758
14,95,0.714768,0.71476515,0.714758
14,96,0.71476,0.714765525,0.714757
14,97,0.714765,0.7147659,0.714757
14,98,0.714765,0.7147662,0.714757
14,99,0.714763,0.7147662,0.714757
14,100,0.714762,0.7147661,0.714757
14,101,0.714762,0.71476615,0.714757
14,102,0.714774,0.714766175,0.714758
14,103,0.714774,0.714766375,0.714759
14,104,0.714774,0.714766575,0.714759
14,105,0.714759,0.714766725,0.714759
14,106,0.714751,0.7147669,0.714757
14,107,0.714751,0.71476735,0.714756
14,108,0.714755,0.714768125,0.714755
14,109,0.714761,0.714768975,0.714755
14,110,0.714761,0.714769925,0.714754
14,111,0.714761,0.7147707,0.714754
14,112,0.714769,0.714771475,0.714755
14,113,0.714769,0.714772175,0.714756
14,114,0.714774,0.714772375,0.714757
14,115,0.714774,0.714772575,0.714758
14,116,0.714774,0.714772575,0.714759
14,117,0.714771,0.714772675,0.714759
14,118,0.71477,0.71477265,0.714759
14,119,0.71477,0.714772975,0.71476
14,120,0.714776,0.714773075,0.71476
14,121,0.714779,0.7147732,0.714762
14,122,0.714779,0.71477325,0.714763
14,123,0.714779,0.714773025,0.714763
14,124,0.71478,0.714772625,0.714764
14,125,0.71478,0.714772225,0.714765
14,126,0.714791,0.7147724,0.714767
14,127,0.714794,0.7147728,0.714769
14,128,0.714794,0.7147732,0.714771
14,129,0.714798,0.714773525,0.714773
14,130,0.714789,0.7147737,0.714773
14,131,0.714789,0.714773975,0.714774
14,132,0.714786,0.71477435,0.714775
14,133,0.714776,0.714774525,0.714774
14,134,0.714776,0.71477445,0.714773
14,135,0.714768,0.714774375,0.714772
14,136,0.714764,0.7147743,0.71477
14,137,0.714764,0.71477435,0.714769
14,138,0.714778,0.71477435,0.714769
14,139,0.714767,0.714774375,0.714768
14,140,0.714767,0.714774525,0.714767
14,141,0.714764,0.714774525,0.714766
14,142,0.714765,0.71477445,0.714765
14,143,0.714758,0.714774275,0.714764
14,144,0.714758,0.714773875,0.714763
14,145,0.714766,0.71477345,0.714762
14,146,0.714767,0.71477365,0.714762
14,147,0.714767,0.714773525,0.714762
14,148,0.714768,0.714773325,0.714762
14,149,0.714768,0.714773125,0.714761
14,150,0.714772,0.71477275,0.714762
14,151,0.714776,0.7147726,0.714762
14,152,0.714776,0.7147726,0.714763
14,153,0.714766,0.714772675,0.714763
14,154,0.714771,0.714773,0.714763
14,155,0.714771,0.7147733,0.714763
14,156,0.714776,0.71477375,0.714763
14,157,0.714771,0.7147743,0.714763
14,158,0.714771,0.714775225,0.714763
14,159,0.714776,0.7147757,0.714764
14,160,0.714776,0.71477645,0.714764
14,161,0.714776,0.714777025,0.714764
14,162,0.714772,0.714777675,0.714764
14,163,0.714763,0.7147783,0.714763
14,164,0.714763,0.714778875,0.714763
14,165,0.714788,0.714779475,0.714764
14,166,0.714786,0.714779875,0.714766
14,167,0.714786,0.7147804,0.714767
14,168,0.714786,0.7147809,0.714768
14,169,0.714783,0.714781375,0.714769
14,170,0.714783,0.71478165,0.714769
14,171,0.714789,0.714782,0.714771
14,172,0.714789,0.71478225,0.714772
14,173,0.714789,0.7147827,0.714773
14,174,0.714788,0.71478355,0.714773
14,175,0.714786,0.714784275,0.714774
14,176,0.714786,0.714785325,0.714774
14,177,0.714801,0.71478595,0.714776
14,178,0.714797,0.7147867,0.714777
14,179,0.714797,0.714787325,0.714779
14,180,0.71479,0.7147879,0.714779
14,181,0.71479,0.714788475,0.714779
14,182,0.71479,0.714788825,0.71478
14,183,0.714781,0.71478915,0.714779
14,184,0.714782,0.7147897,0.714779
14,185,0.714782,0.71479,0.714778
14,186,0.714788,0.7147895,0.714778
14,187,0.714787,0.71478905,0.714778
14,188,0.714787,0.71478865,0.714778
14,189,0.714779,0.71478845,0.714778
14,190,0.714786,0.714788375,0.714778
14,191,0.714786,0.7147883,0.714778
14,192,0.714794,0.714788225,0.714779
14,193,0.7148,0.71478815,0.71478
14,194,0.7148,0.71478775,0.714781
14,195,0.714813,0.714787525,0.714784
14,196,0.714801,0.71478735,0.714785
14,197,0.714801,0.71478715,0.714785
14,198,0.714796,0.71478665,0.714786
14,199,0.714799,0.71478625,0.714786
14,200,0.714799,0.7147859,0.714787
14,201,0.71479,0.714785675,0.714786
14,202,0.714785,0.71478545,0.714785
14,203,0.714785,0.7147851,0.714785
14,204,0.714775,0.714784975,0.714783
14,205,0.714768,0.714784825,0.714781
14,206,0.714768,0.71478445,0.714778
14,207,0.71477,0.714783925,0.714777
14,208,0.714778,0.714783425,0.714776
14,209,0.71478,0.71478275,0.714776
14,210,0.71478,0.714782375,0.714775
14,211,0.714786,0.714781825,0.714776
14,212,0.714786,0.714781375,0.714776
14,213,0.714773,0.714780775,0.714775
14,214,0.714779,0.714780025,0.714774
14,215,0.714779,0.714778975,0.714774
14,216,0.714778,0.714777625,0.714774
14,217,0.714781,0.714776575,0.714774
14,218,0.714781,0.714775525,0.714774
14,219,0.714783,0.71477465,0.714774
14,220,0.714781,0.7147737,0.714774
14,221,0.714781,0.714772775,0.714774
14,222,0.714776,0.7147723,0.714773
14,223,0.714776,0.71477195,0.714773
14,224,0.714776,0.714771825,0.714772
14,225,0.714767,0.71477195,0.714771
14,226,0.714767,0.71477225,0.71477
14,227,0.714767,0.714772175,0.714769
14,228,0.71476,0.7147719,0.714767
14,229,0.714764,0.714771425,0.714766
14,230,0.714764,0.71477115,0.714765
14,231,0.714768,0.7147711,0.714764
14,232,0.71477,0.7147709,0.714764
14,233,0.71477,0.714770475,0.714764
14,234,0.714758,0.71477025,0.714763
14,235,0.714759,0.714769875,0.714762
14,236,0.714759,0.714769525,0.71476
14,237,0.714759,0.7147692,0.71476
14,238,0.714761,0.7147688,0.714759
14,239,0.714761,0.7147685,0.714758
14,240,0.714762,0.714768125,0.714758
14,241,0.714771,0.7147678,0.714758
14,242,0.714771,0.7147673,0.714759
14,243,0.71478,0.7147669,0.71476
14,244,0.71478,0.7147665,0.714761
14,245,0.71478,0.714766325,0.714762
14,246,0.714765,0.714766225,0.714762
14,247,0.714759,0.714766125,0.714761
14,248,0.714759,0.714766225,0.71476
14,249,0.714769,0.7147665,0.71476
14,250,0.714778,0.714766675,0.714761
14,251,0.714778,0.71476695,0.714762
14,252,0.714769,0.71476695,0.714762
14,253,0.714764,0.7147669,0.714761
14,254,0.714764,0.71476675,0.714761
14,255,0.714765,0.714767075,0.714761
14,256,0.714765,0.714767375,0.71476
14,257,0.714765,0.714768075,0.71476
14,258,0.714769,0.7147688,0.71476
14,259,0.714768,0.714769475,0.71476
14,260,0.714768,0.714770275,0.71476
14,261,0.714761,0.71477115,0.714759
14,262,0.71476,0.7147718,0.714759
14,263,0.71476,0.714772125,0.714758
14,264,0.714769,0.71477195,0.714758
14,265,0.714763,0.714771775,0.714758
14,266,0.714763,0.714771425,0.714758
14,267,0.714771,0.71477135,0.714758
14,268,0.714771,0.714771425,0.714759
14,269,0.714771,0.71477155,0.714759
14,270,0.714775,0.714771325,0.71476
14,271,0.714768,0.714770875,0.71476
14,272,0.714768,0.71477045,0.71476
14,273,0.714764,0.71477045,0.71476
14,274,0.714771,0.714770575,0.71476
14,275,0.714771,0.714770475,0.71476
14,276,0.714787,0.7147704,0.714762
14,277,0.714788,0.714770325,0.714764
14,278,0.714788,0.714770175,0.714766
14,279,0.714793,0.714770025,0.714768
14,280,0.714797,0.714770075,0.71477
14,281,0.714797,0.714770125,0.714772
14,282,0.714784,0.714770475,0.714772
14,283,0.714773,0.714770925,0.714772
14,284,0.714773,0.714771375,0.714771
14,285,0.714766,0.714771625,0.71477
14,286,0.714762,0.7147718,0.714768
14,287,0.714762,0.714771975,0.714767
14,288,0.714764,0.714772,0.714766
14,289,0.71476,0.714772025,0.714764
14,290,0.71476,0.714772075,0.714763
14,291,0.714761,0.7147719,0.714762
14,292,0.714769,0.7147719,0.714762
14,293,0.714769,0.714772175,0.714762
14,294,0.71476,0.71477265,0.714761
14,295,0.714762,0.71477295,0.71476
14,296,0.714762,0.71477335,0.71476
14,297,0.714759,0.714773175,0.714759
14,298,0.714763,0.714772975,0.714759
14,299,0.71477,0.71477265,0.714758
14,300,0.71477,0.71477225,0.714759
14,301,0.714775,0.71477175,0.71476
14,302,0.714778,0.714771275,0.71476
14,303,0.714778,0.714771,0.714761
14,304,0.714779,0.714771,0.714762
14,305,0.71477,0.714770925,0.714762
14,306,0.71477,0.71477095,0.714762
14,307,0.714772,0.714771075,0.714762
14,308,0.714772,0.714771525,0.714763
14,309,0.714773,0.714772,0.714763
14,310,0.714768,0.714772575,0.714763
14,311,0.714768,0.714773025,0.714762
14,312,0.714779,0.714773375,0.714763
14,313,0.714783,0.714773525,0.714764
14,314,0.714783,0.7147736,0.714765
14,315,0.714787,0.714774125,0.714767
14,316,0.71478,0.7147746,0.714767
14,317,0.71478,0.71477535,0.714768
14,318,0.714775,0.714776175,0.714768
14,319,0.714777,0.7147769,0.714768
14,320,0.714777,0.7147773,0.714768
14,321,0.714778,0.7147777,0.714768
14,322,0.714773,0.714777975,0.714768
14,323,0.714773,0.714777825,0.714768
14,324,0.71477,0.714777775,0.714767
14,325,0.714767,0.7147777,0.714767
14,326,0.714767,0.714777475,0.714766
14,327,0.71478,0.714777275,0.714766
14,328,0.714783,0.714777025,0.714767
14,329,0.714783,0.71477665,0.714768
14,330,0.714778,0.71477635,0.714768
14,331,0.714775,0.714776175,0.714768
14,332,0.714775,0.714776075,0.714768
14,333,0.714772,0.714775625,0.714768
14,334,0.714781,0.714775075,0.714768
14,335,0.714781,0.7147745,0.714769
14,336,0.714792,0.714773925,0.71477
14,337,0.714792,0.714773525,0.714772
14,338,0.714792,0.7147732,0.714773
14,339,0.714786,0.71477305,0.714773
14,340,0.714786,0.71477285,0.714774
14,341,0.714786,0.7147726,0.714774
14,342,0.714772,0.714772725,0.714773
14,343,0.714776,0.714772975,0.714773
14,344,0.714776,0.7147731,0.714772
14,345,0.714761,0.71477315,0.71477
14,346,0.714762,0.714773275,0.714769
14,347,0.714762,0.7147732,0.714767
14,348,0.714757,0.71477285,0.714765
14,349,0.714761,0.714772425,0.714764
14,350,0.714761,0.714772175,0.714763
14,351,0.714764,0.7147719,0.714762
14,352,0.714761,0.7147717,0.714761
14,353,0.714761,0.714771825,0.714761
14,354,0.71476,0.714771875,0.71476
14,355,0.714764,0.7147717,0.714759
14,356,0.714764,0.71477155,0.714759
14,357,0.714767,0.714770975,0.714759
14,358,0.714769,0.7147704,0.714759
14,359,0.714769,0.71476985,0.71476
14,360,0.714767,0.714769325,0.71476
14,361,0.714783,0.7147688,0.714761
14,362,0.714783,0.714768175,0.714763
14,363,0.714778,0.71476765,0.714763
14,364,0.714772,0.714767025,0.714763
14,365,0.714772,0.714766225,0.714763
14,366,0.714764,0.714765875,0.714763
14,367,0.714766,0.7147655,0.714762
14,368,0.714766,0.7147653,0.714762
14,369,0.714773,0.7147653,0.714762
14,370,0.714767,0.7147652,0.714762
14,371,0.714767,0.71476495,0.714762
14,372,0.71478,0.714764625,0.714763
14,373,0.714774,0.714764375,0.714763
14,374,0.714774,0.71476425,0.714763
14,375,0.714775,0.714764375,0.714764
14,376,0.714769,0.7147644,0.714764
14,377,0.714769,0.714764525,0.714763
14,378,0.71477,0.714764425,0.714763
14,379,0.714765,0.714764275,0.714763
14,380,0.714765,0.71476415,0.714762
14,381,0.714761,0.7147643,0.714761
14,382,0.714751,0.71476405,0.714759
14,383,0.714751,0.71476365,0.714758
14,384,0.714744,0.7147636,0.714756
14,385,0.714747,0.7147637,0.714754
14,386,0.714747,0.71476355,0.714752
14,387,0.714754,0.714763575,0.714752
14,388,0.714757,0.71476355,0.714752
14,389,0.714757,0.714763275,0.714751
14,390,0.714751,0.714762875,0.714751
14,391,0.714751,0.714762625,0.71475
14,392,0.714751,0.714762425,0.714749
14,393,0.714756,0.7147619,0.714749
14,394,0.714765,0.714761525,0.71475
14,395,0.714765,0.7147615,0.714751
14,396,0.714769,0.714761525,0.714752
14,397,0.714763,0.7147617,0.714752
14,398,0.714763,0.7147619,0.714752
14,399,0.714764,0.714762025,0.714753
14,400,0.714773,0.714762275,0.714754
14,401,0.714773,0.714762375,0.714755
14,402,0.714767,0.71476255,0.714755
14,403,0.714776,0.714762975,0.714757
14,404,0.714776,0.714763475,0.714758
14,405,0.714766,0.714764075,0.714758
14,406,0.714765,0.7147646,0.714758
14,407,0.714765,0.7147652,0.714758
14,408,0.714755,0.71476565,0.714757
14,409,0.714757,0.714766025,0.714756
14,410,0.714757,0.7147661,0.714755
14,411,0.714759,0.71476645,0.714755
14,412,0.714759,0.7147668,0.714755
14,413,0.714759,0.7147669,0.714754
14,414,0.714773,0.7147668,0.714755
14,415,0.714776,0.714766475,0.714757
14,416,0.714776,0.71476655,0.714758
14,417,0.714777,0.71476645,0.714759
14,418,0.714775,0.7147665,0.71476
14,419,0.714775,0.714766725,0.714761
14,420,0.714769,0.714767,0.714761
14,421,0.714768,0.71476705,0.714761
14,422,0.714768,0.714767,0.714761
14,423,0.714771,0.7147671,0.714761
14,424,0.714768,0.714766975,0.714761
14,425,0.714768,0.7147673,0.714761
14,426,0.714771,0.71476765,0.714761
14,427,0.714772,0.714768025,0.714761
14,428,0.714772,0.714768525,0.714761
14,429,0.71476,0.714769375,0.714761
14,430,0.714765,0.714770175,0.71476
14,431,0.714765,0.714770925,0.71476
14,432,0.714755,0.714771525,0.714759
14,433,0.714752,0.714772125,0.714757
14,434,0.714752,0.7147727,0.714756
14,435,0.714768,0.714772925,0.714756
14,436,0.714765,0.714773075,0.714756
14,437,0.714765,0.7147731,0.714756
14,438,0.714772,0.71477295,0.714757
14,439,0.714775,0.714772825,0.714758
14,440,0.714775,0.7147727,0.714759
14,441,0.714771,0.71477275,0.71476
14,442,0.714771,0.714772825,0.71476
14,443,0.714771,0.714773125,0.71476
14,444,0.714789,0.714773325,0.714762
14,445,0.71478,0.7147736,0.714763
14,446,0.71478,0.714773975,0.714764
14,447,0.714785,0.714774175,0.714766
14,448,0.714789,0.71477435,0.714767
14,449,0.714789,0.714774825,0.714769
14,450,0.714787,0.71477545,0.71477
14,451,0.714783,0.71477595,0.71477
14,452,0.714783,0.714776525,0.714771
14,453,0.714782,0.71477735,0.714771
14,454,0.714782,0.71477825,0.714771
14,455,0.714782,0.714779325,0.714772
14,456,0.714777,0.714779625,0.714771
14,457,0.714771,0.714779875,0.714771
14,458,0.71477,0.714780125,0.71477
14,459,0.71477,0.714780275,0.714769
14,460,0.714771,0.71478035,0.714768
14,461,0.714771,0.7147802,0.714768
14,462,0.71478,0.71478025,0.714768
14,463,0.714779,0.7147803,0.714769
14,464,0.714779,0.714780325,0.714769
14,465,0.714783,0.71477985,0.71477
14,466,0.714779,0.7147796,0.71477
14,467,0.714779,0.714779375,0.71477
14,468,0.714791,0.714779,0.714771
14,469,0.714785,0.714778525,0.714772
14,470,0.714785,0.714777825,0.714772
14,471,0.714788,0.71477725,0.714773
14,472,0.714788,0.714776775,0.714774
14,473,0.714788,0.714776125,0.714774
14,474,0.714795,0.7147756,0.714776
14,475,0.71478,0.714775075,0.714775
14,476,0.714775,0.71477465,0.714775
14,477,0.714775,0.714774475,0.714774
14,478,0.714778,0.71477445,0.714774
14,479,0.714778,0.714774525,0.714773
14,480,0.714769,0.714774625,0.714772
14,481,0.714773,0.7147747,0.714772
14,482,0.714773,0.7147748,0.714771
14,483,0.714772,0.7147745,0.71477
14,484,0.71477,0.714774225,0.714769
14,485,0.71477,0.7147739,0.714769
14,486,0.714771,0.714773675,0.714768
14,487,0.71477,0.71477355,0.714768
14,488,0.71477,0.714773425,0.714767
14,489,0.714761,0.71477285,0.714766
14,490,0.714764,0.714772425,0.714765
14,491,0.714764,0.714771825,0.714764
14,492,0.714757,0.714771375,0.714762
14,493,0.714761,0.714770925,0.714762
14,494,0.714761,0.7147709,0.714761
14,495,0.714765,0.714770575,0.71476
14,496,0.71477,0.714770475,0.714761
14,497,0.71477,0.7147705,0.714761
14,498,0.714773,0.714770475,0.714761
14,499,0.714774,0.71477035,0.714762
14,500,0.714774,0.714770225,0.714762
14,501,0.714775,0.71477025,0.714763
14,502,0.714768,0.714770175,0.714762
14,503,0.714768,0.714770325,0.714762
14,504,0.714766,0.714770325,0.714762
14,505,0.714774,0.714770375,0.714762
14,506,0.714774,0.714770475,0.714763
14,507,0.714774,0.714770625,0.714763
14,508,0.714768,0.7147708,0.714763
14,509,0.714768,0.714771125,0.714763
14,510,0.714761,0.714771475,0.714762
14,511,0.71477,0.71477175,0.714762
14,512,0.71477,0.714771925,0.714762
14,513,0.714787,0.714772425,0.714763
14,514,0.714782,0.714772825,0.714764
14,515,0.714776,0.714773275,0.714765
14,516,0.714776,0.714773675,0.714766
14,517,0.714774,0.71477395,0.714766
14,518,0.714773,0.71477415,0.714766
14,519,0.714773,0.714774075,0.714766
14,520,0.71477,0.714773975,0.714765
14,521,0.71477,0.714774075,0.714765
14,522,0.714779,0.714774125,0.714766
14,523,0.714772,0.71477435,0.714766
14,524,0.714772,0.7147743,0.714765
14,525,0.714774,0.71477445,0.714766
14,526,0.714777,0.7147744,0.714766
14,527,0.714777,0.714774325,0.714766
14,528,0.714783,0.714774575,0.714767
14,529,0.714775,0.714774975,0.714767
14,530,0.714775,0.71477495,0.714767
14,531,0.714771,0.7147751,0.714767
14,532,0.714777,0.714775025,0.714767
14,533,0.714777,0.7147752,0.714767
14,534,0.714779,0.714774825,0.714768
14,535,0.714781,0.714774575,0.714768
14,536,0.714781,0.714774675,0.714769
14,537,0.714778,0.71477465,0.714769
14,538,0.71477,0.714774675,0.714768
14,539,0.71477,0.714774425,0.714768
14,540,0.714778,0.714774275,0.714768
14,541,0.714777,0.7147742,0.714768
14,542,0.714777,0.71477395,0.714768
14,543,0.714766,0.714773675,0.714767
14,544,0.714772,0.714773575,0.714767
14,545,0.714772,0.714773675,0.714767
14,546,0.714771,0.7147737,0.714766
14,547,0.714784,0.71477365,0.714767
14,548,0.714784,0.714773575,0.714768
14,549,0.714767,0.714773525,0.714767
14,550,0.714767,0.714773675,0.714766
14,551,0.714767,0.714773925,0.714766
14,552,0.714777,0.71477415,0.714766
14,553,0.714772,0.714774225,0.714766
14,554,0.714772,0.71477405,0.714766
14,555,0.71478,0.71477385,0.714766
14,556,0.714775,0.7147736,0.714766
14,557,0.714775,0.71477315,0.714767
14,558,0.714763,0.71477285,0.714765
14,559,0.714767,0.71477275,0.714765
14,560,0.714767,0.714772875,0.714764
14,561,0.71476,0.7147725,0.714763
14,562,0.714768,0.71477215,0.714763
14,563,0.714768,0.714771775,0.714762
14,564,0.714776,0.7147718,0.714763
14,565,0.714775,0.714771675,0.714763
14,566,0.714775,0.714771325,0.714764
14,567,0.714774,0.714771125,0.714764
14,568,0.714781,0.7147706,0.714765
14,569,0.714781,0.714769725,0.714766
14,570,0.714785,0.714769575,0.714767
14,571,0.71478,0.714769425,0.714767
14,572,0.71478,0.714769225,0.714768
14,573,0.71477,0.71476885,0.714767
14,574,0.714771,0.7147686,0.714767
14,575,0.714771,0.714768325,0.714767
14,576,0.714763,0.71476795,0.714765
14,577,0.714766,0.7147677,0.714765
14,578,0.714766,0.714767425,0.714764
14,579,0.714775,0.7147675,0.714764
14,580,0.714763,0.714767475,0.714764
14,581,0.714763,0.714767825,0.714763
14,582,0.714762,0.714768625,0.714762
14,583,0.714767,0.714769225,0.714762
14,584,0.714767,0.71476965,0.714761
14,585,0.714758,0.714769725,0.71476
14,586,0.714763,0.714769825,0.71476
14,587,0.714763,0.7147698,0.714759
14,588,0.714749,0.71476995,0.714757
14,589,0.714761,0.714769925,0.714757
14,590,0.714761,0.714770175,0.714757
14,591,0.714759,0.714770225,0.714756
14,592,0.714762,0.7147704,0.714756
14,593,0.714762,0.714770225,0.714756
14,594,0.714761,0.71477025,0.714755
14,595,0.714765,0.71477025,0.714756
14,596,0.714765,0.714770175,0.714756
14,597,0.714764,0.71477045,0.714756
14,598,0.714766,0.71477065,0.714756
14,599,0.714766,0.7147717,0.714756
14,600,0.714781,0.7147735,0.714758
14,601,0.714792,0.7147756,0.714761
14,602,0.714792,0.714781225,0.714763
14,603,0.714785,0.714791275,0.714764
14,604,0.714779,0.7148012,0.714765
14,605,0.714779,0.7148203,0.714766
14,606,0.714774,0.7148508,0.714766
14,607,0.71478,0.714881175,0.714766
14,608,0.71478,0.714924375,0.714767
14,609,0.714791,0.714981575,0.714768
14,610,0.714787,0.715038475,0.71477
14,611,0.714787,0.715123725,0.71477
14,612,0.714773,0.71522685,0.71477
14,613,0.714771,0.7153299,0.714769
14,614,0.714771,0.71545745,0.714769
14,615,0.714768,0.715603875,0.714768
14,616,0.714774,0.7157502,0.714768
14,617,0.714774,0.7159278,0.714768
14,618,0.714808,0.716126725,0.714771
14,619,0.714847,0.7163256,0.714778
14,620,0.714847,0.716559975,0.714784
14,621,0.714988,0.716820575,0.714804
14,622,0.715164,0.7170809,0.714839
14,623,0.715164,0.7173785,0.714871
14,624,0.715531,0.7177037,0.714936
14,625,0.715978,0.71802905,0.715039
14,626,0.715978,0.718394575,0.715132
14,627,0.716491,0.718788925,0.715267
14,628,0.717037,0.719183125,0.715443
14,629,0.717037,0.7196292,0.715602
14,630,0.718171,0.7201178,0.715858
14,631,0.718884,0.7206065,0.71616
14,632,0.718884,0.721134725,0.716432
14,633,0.719864,0.72170385,0.716774
14,634,0.720618,0.722273025,0.717158
14,635,0.720618,0.722886775,0.717503
14,636,0.721869,0.723535575,0.717939
14,637,0.722721,0.724184225,0.718416
14,638,0.722721,0.724889625,0.718846
14,639,0.724141,0.725631075,0.719375
14,640,0.725205,0.72637155,0.719957
14,641,0.725205,0.727189075,0.720481
14,642,0.726696,0.7280395,0.721102
14,643,0.727793,0.728885525,0.72177
14,644,0.727793,0.729788725,0.722372
14,645,0.7294,0.730729175,0.723074
14,646,0.730548,0.73165845,0.72382
14,647,0.730548,0.732646675,0.724492
14,648,0.732623,0.73367735,0.725304
14,649,0.734335,0.734694375,0.726207
14,650,0.734335,0.735777575,0.727019
14,651,0.735916,0.736869725,0.727908
14,652,0.737538,0.73794405,0.72887
14,653,0.737538,0.7390966,0.729736
14,654,0.739321,0.74027475,0.730694
14,655,0.74072,0.74143405,0.731696
14,656,0.74072,0.74268625,0.732597
14,657,0.74299,0.743967925,0.733636
14,658,0.744466,0.7452283,0.734718
14,659,0.744466,0.7465622,0.735692
14,660,0.747548,0.747897425,0.736877
14,661,0.749005,0.749291125,0.738089
14,662,0.749005,0.750684825,0.73918
14,663,0.751292,0.75211715,0.74039
14,664,0.753149,0.75352205,0.741665
14,665,0.753149,0.75501425,0.742813
14,666,0.755507,0.7565228,0.744081
14,667,0.757718,0.75800265,0.745444
14,668,0.757718,0.75956835,0.746671
14,669,0.760365,0.76114205,0.748039
14,670,0.761857,0.76267295,0.74942
14,671,0.761857,0.7643002,0.750663
14,672,0.764986,0.765955275,0.752095
14,673,0.76699,0.7675698,0.753584
14,674,0.76699,0.769287175,0.754923
14,675,0.770706,0.77099665,0.756501
14,676,0.773136,0.77267115,0.758164
14,677,0.773136,0.77445815,0.75966
14,678,0.776077,0.776260175,0.761301
14,679,0.77755,0.7780253,0.762925
14,680,0.780953,0.779899575,0.764387
14,681,0.780953,0.781768575,0.766043
14,682,0.783989,0.78360115,0.767837
14,683,0.783989,0.7855093,0.769451
14,684,0.787481,0.787439925,0.771253
14,685,0.789742,0.789324125,0.773101
14,686,0.789742,0.791320025,0.774765
14,687,0.793176,0.793336075,0.776605
14,688,0.795571,0.79529685,0.778501
14,689,0.795571,0.797371175,0.780207
14,690,0.799425,0.799457725,0.782128
14,691,0.802119,0.801506975,0.784126
14,692,0.802119,0.8036626,0.785925
14,693,0.806233,0.805806675,0.787955
14,694,0.8077,0.80790065,0.789928
14,695,0.8077,0.810115475,0.791705
14,696,0.8122,0.8123137,0.793754
14,697,0.815071,0.814451175,0.795885
14,698,0.815071,0.81671855,0.797802
14,699,0.819437,0.818972725,0.799965
14,700,0.822308,0.821190075,0.802199
14,701,0.822308,0.8234564,0.804209
14,702,0.825331,0.825801475,0.80632
14,703,0.828517,0.82807065,0.808539
14,704,0.828517,0.830472225,0.810536
14,705,0.832985,0.832855575,0.81278
14,706,0.836149,0.8351824,0.815116
14,707,0.836149,0.837635875,0.817219
14,708,0.840691,0.840083925,0.819565
14,709,0.843827,0.8424721,0.821991
14,710,0.843827,0.84498035,0.824174
14,711,0.848082,0.8474845,0.826564
14,712,0.850749,0.8499213,0.828982
14,713,0.850749,0.852505625,0.831158
14,714,0.855583,0.855058025,0.833599
14,715,0.858635,0.85757375,0.836102
14,716,0.858635,0.860211225,0.838355
14,717,0.863831,0.862829525,0.840901
14,718,0.866244,0.86537605,0.843435
14,719,0.866244,0.868064975,0.845715
14,720,0.871606,0.87072715,0.848303
14,721,0.874756,0.87331755,0.850948
14,722,0.874756,0.8760321,0.853328
14,723,0.880052,0.8787489,0.856
14,724,0.882815,0.88138605,0.85868
14,725,0.882815,0.884173075,0.861093
14,726,0.887881,0.8869341,0.863771
14,727,0.891098,0.889616025,0.866503
14,728,0.891098,0.892435675,0.868962
14,729,0.895901,0.895246625,0.871655
14,730,0.899591,0.897979175,0.874448
14,731,0.899591,0.900836625,0.876961
14,732,0.905492,0.903692625,0.879813
14,733,0.908329,0.90648195,0.882664
14,734,0.908329,0.909397125,0.88523
14,735,0.913199,0.9122534,0.888026
14,736,0.916932,0.915033375,0.890916
14,737,0.916932,0.91799135,0.893517
14,738,0.922628,0.920906825,0.896427
14,739,0.925924,0.923761975,0.899376
14,740,0.925924,0.9267569,0.90203
14,741,0.93089,0.929715025,0.904915
14,742,0.934003,0.9325944,0.907823
14,743,0.934003,0.935602175,0.910441
14,744,0.939998,0.9385494,0.913395
14,745,0.943426,0.94142755,0.916398
14,746,0.943426,0.94448255,0.9191
14,747,0.948935,0.9478438,0.922083
14,748,0.953129,0.951124625,0.925186
14,749,0.953129,0.954521325,0.92798
14,750,0.958125,0.95791295,0.930994
14,751,0.962322,0.961212325,0.934126
14,752,0.962322,0.965192175,0.936945
14,753,0.967356,0.968580975,0.939985
14,754,0.969834,0.97189885,0.942969
14,755,0.969834,0.975332025,0.945655
14,756,0.976954,0.978762175,0.948784
14,757,0.98045,0.982099,0.95195
14,758,0.98045,0.985551825,0.954799
14,759,0.986041,0.988977725,0.957923
14,760,0.989931,0.992321225,0.961123
14,761,0.989931,0.9957804,0.964003
14,762,0.995067,0.9992256,0.967108
14,763,0.997941,1.002592975,0.970191
14,764,0.997941,1.0069492,0.972965
14,765,1.005015,1.011303825,0.976169
14,766,1.022331,1.01557275,0.980785
14,767,1.022331,1.01999425,0.984939
14,768,1.026966,1.024430075,0.989141
14,769,1.031566,1.02876105,0.993382
14,770,1.031566,1.033243275,0.9972
14,771,1.058785,1.037752375,1.003358
14,772,1.041044,1.04215655,1.007125
14,773,1.041044,1.046712725,1.010517
14,774,1.045656,1.051288225,1.01403
14,775,1.050405,1.055801775,1.017666
14,776,1.050405,1.060464425,1.020939
14,777,1.055045,1.065083825,1.024349
14,778,1.059664,1.069615825,1.02788
14,779,1.059664,1.07429295,1.031057
14,780,1.064291,1.078970975,1.03438
14,781,1.068698,1.08355175,1.037811
14,782,1.068698,1.088271275,1.040899
14,783,1.108252,1.093002075,1.047633
14,784,1.114183,1.097661025,1.054287
14,785,1.114183,1.10245585,1.060276
14,786,1.120286,1.107214125,1.066276
14,787,1.126368,1.1115395,1.072285
14,788,1.126368,1.115993575,1.077692
14,789,1.132418,1.1204589,1.083164
14,790,1.138489,1.124809225,1.088696
14,791,1.138489,1.129285825,1.093674
14,792,1.144569,1.13320605,1.098763
14,793,1.150376,1.1375698,1.103923
14,794,1.150376,1.142052025,1.108568
14,795,1.15634,1.146532675,1.113344
14,796,1.16173,1.1508946,1.118182
14,797,1.16173,1.15536185,1.122536
14,798,1.167535,1.159804225,1.127035
14,799,1.173162,1.164131125,1.131647
14,800,1.173162,1.168544875,1.135798
14,801,1.178712,1.17290925,1.140088
14,802,1.184299,1.17716345,1.144508
14,803,1.184299,1.181478675,1.148487
14,804,1.189734,1.184854925,1.152611
14,805,1.195346,1.1880829,1.156883
14,806,1.195346,1.191341775,1.160729
14,807,1.200494,1.194448075,1.164704
14,808,1.205579,1.197402325,1.168791
14,809,1.205579,1.200356575,1.172469
14,810,1.21063,1.203159575,1.176284
14,811,1.215594,1.2058108,1.180214
14,812,1.215594,1.208462025,1.183752
14,813,1.220333,1.21096125,1.187409
14,814,1.224882,1.2133153,1.191155
14,815,1.224882,1.21566935,1.194527
14,816,1.229095,1.2178743,1.197983
14,817,1.23274,1.2199445,1.201458
14,818,1.23274,1.2220147,1.204585
14,819,1.236214,1.223939775,1.207747
14,820,1.238866,1.225724175,1.210859
14,821,1.238866,1.227508575,1.213659
14,822,1.241307,1.229154225,1.216423
14,823,1.243302,1.2306602,1.21911
14,824,1.243302,1.232166175,1.221528
14,825,1.244538,1.233536275,1.223828
14,826,1.244538,1.234766075,1.225898
14,827,1.244538,1.235995875,1.227761
14,828,1.244538,1.237096975,1.229438
14,829,1.244538,1.23807095,1.230947
14,830,1.244538,1.239044925,1.232306
14,831,1.244538,1.239892625,1.233528
14,832,1.244538,1.240616225,1.234628
14,833,1.244538,1.241339825,1.235618
14,834,1.244538,1.24194495,1.236509
14,835,1.244538,1.24243635,1.237311
14,836,1.244538,1.24292775,1.238033
14,837,1.244538,1.242840525,1.238683
14,838,1.244538,1.242662175,1.239267
14,839,1.244538,1.242483825,1.239794
14,840,1.244538,1.242218625,1.240267
14,841,1.244538,1.241887125,1.240693
14,842,1.244538,1.241555625,1.241077
14,843,1.244538,1.2411631,1.241422
14,844,1.244538,1.2407207,1.241733
14,845,1.244538,1.2402783,1.242013
14,846,1.244538,1.239805,1.242264
14,847,1.244538,1.2393317,1.242491
14,848,1.244538,1.2388584,1.242694
14,849,1.244538,1.2383851,1.242878
14,850,1.244538,1.2379118,1.243043
14,851,1.244538,1.2374385,1.243192
14,852,1.244538,1.2369652,1.243325
14,853,1.244538,1.2364919,1.243446
14,854,1.244538,1.2360186,1.243554
14,855,1.244538,1.2355453,1.243652
14,856,1.225606,1.235072,1.241846
14,857,1.225606,1.2345987,1.240222
14,858,1.225606,1.2341254,1.238759
14,859,1.225606,1.2336521,1.237443
14,860,1.225606,1.2331788,1.236259
14,861,1.225606,1.2327055,1.235192
14,862,1.225606,1.2322322,1.234233
14,863,1.225606,1.2317589,1.233369
14,864,1.225606,1.2312856,1.232592
14,865,1.225606,1.2308123,1.231893
14,866,1.225606,1.230339,1.231263
14,867,1.225606,1.2298657,1.230697
14,868,1.225606,1.2293924,1.230187
14,869,1.225606,1.2289191,1.229728
14,870,1.225606,1.2284458,1.229315
14,871,1.225606,1.2279725,1.228943
14,872,1.225606,1.2274992,1.228609
14,873,1.225606,1.2270259,1.228308
14,874,1.225606,1.2265526,1.228037
14,875,1.225606,1.2260793,1.227793
14,876,1.225606,1.225606,1.227573
14,877,1.225606,1.225606,1.227376
14,878,1.225606,1.225606,1.227198
14,879,1.225606,1.225606,1.227038
14,880,1.225606,1.225606,1.226894
14,881,1.225606,1.225606,1.226764
14,882,1.225606,1.225606,1.226648
14,883,1.225606,1.225606,1.226543
14,884,1.225606,1.225606,1.226448
14,885,1.225606,1.225606,1.226363
14,886,1.225606,1.225606,1.226287
14,887,1.225606,1.225606,1.226218
14,888,1.225606,1.225606,1.226156
14,889,1.225606,1.225606,1.2261
14,890,1.225606,1.225606,1.22605
14,891,1.225606,1.225606,1.226005
14,892,1.225606,1.225606,1.225964
14,893,1.225606,1.225606,1.225927
14,894,1.225606,1.225606,1.225894
14,895,1.225606,1.225606,1.225865
14,896,1.225606,1.225606,1.225838
14,897,1.225606,1.225606,1.225814
14,898,1.225606,1.225606,1.225793
14,899,1.225606,1.225606,1.225773
14,900,1.225606,1.225606,1.225756
14,901,1.225606,1.225606,1.22574
14,902,1.225606,1.225606,1.225726
14,903,1.225606,1.225606,1.225713
14,904,1.225606,1.225606,1.225701
14,905,1.225606,1.225606,1.225691
14,906,1.225606,1.225606,1.225682
14,907,1.225606,1.225606,1.225673
14,908,1.225606,1.225606,1.225666
14,909,1.225606,1.225606,1.225659
14,910,1.225606,1.225606,1.225653
14,911,1.225606,1.225606,1.225647
14,912,1.225606,1.225606,1.225642
14,913,1.225606,1.225606,1.225638
14,914,1.225606,1.225606,1.225634
14,915,1.225606,1.225606,1.22563
14,916,1.225606,1.225606,1.225627
14,917,1.225606,1.225606,1.225624
14,918,1.225606,1.225606,1.225622
14,919,1.225606,1.225606,1.225619
14,920,1.225606,1.225606,1.225617
14,921,1.225606,1.225606,1.225615
14,922,1.225606,1.225606,1.225613
14,923,1.225606,1.225606,1.225612
14,924,1.225606,1.225606,1.22561
14,925,1.225606,1.225606,1.225609
14,926,1.225606,1.225606,1.225608
14,927,1.225606,1.225606,1.225607
14,928,1.225606,1.225606,1.225606
14,929,1.225606,1.225606,1.225605
14,930,1.225606,1.225606,1.225604
14,931,1.225606,1.225606,1.225604
14,932,1.225606,1.225606,1.225603
14,933,1.225606,1.225606,1.225603
14,934,1.225606,1.225606,1.225602
14,935,1.225606,1.225606,1.225602
14,936,1.225606,1.225606,1.225601
14,937,1.225606,1.225606,1.225601
14,938,1.225606,1.225606,1.225601
14,939,1.225606,1.225606,1.2256
14,940,1.225606,1.225606,1.2256
14,941,1.225606,1.225606,1.2256
45,942,-0.097861,-0.097861,-0.097861
45,943,-0.095568,-0.095568,-0.095568
45,944,-0.095568,-0.095568,-0.095568
45,945,-0.101057,-0.101057,-0.101057
45,946,-0.086935,-0.086935,-0.086935
45,947,-0.086935,-0.086935,-0.086936
45,948,-0.09307,-0.09307,-0.093071
45,949,-0.078148,-0.06065045,-0.078149
45,950,-0.078148,-0.059545904761905,-0.078149
45,951,-0.075915,-0.057775045454546,-0.075916
45,952,-0.082143,-0.056158173913044,-0.082143
45,953,-0.082143,-0.05499925,-0.082143
45,954,-0.068277,-0.05374004,-0.068278
45,955,-0.06423,-0.052577692307692,-0.064231
45,956,-0.06423,-0.05084737037037,-0.064231
45,957,-0.060199,-0.049521678571429,-0.057956
45,958,-0.066806,-0.048287413793104,-0.064563
45,959,-0.066806,-0.046977733333333,-0.062544
45,960,-0.053439,-0.045173096774194,-0.05939
45,961,-0.043714,-0.04348125,-0.055578
45,962,-0.043714,-0.041957666666667,-0.052148
45,963,-0.05459,-0.040530294117647,-0.050149
45,964,-0.05037,-0.039184485714286,-0.047927
45,965,-0.05037,-0.037767305555556,-0.045928
45,966,-0.046157,-0.036330702702703,-0.043708
45,967,-0.041805,-0.034969710526316,-0.041274
45,968,-0.041805,-0.033631076923077,-0.039083
45,969,-0.037455,-0.032317975,-0.036677
45,970,-0.020587,-0.02989195,-0.032824
45,971,-0.020587,-0.02724935,-0.029357
45,972,-0.028344,-0.024555775,-0.027012
45,973,-0.023519,-0.0217065,-0.024419
45,974,-0.023519,-0.0187741,-0.022086
45,975,-0.005859,-0.0161322,-0.01822
45,976,-0.013728,-0.013591475,-0.015527
45,977,-0.013728,-0.0108387,-0.013103
45,978,-0.008997,-0.008111275,-0.010449
45,979,0.008966,-0.005218675,-0.006264
45,980,0.008966,-0.0020543,-0.002498
45,981,0.006797,0.000806225,0.000675
45,982,0.006573,0.003423625,0.003509
45,983,0.006573,0.00626225,0.006059
45,984,0.011834,0.00943565,0.00888
45,985,0.015387,0.01250355,0.011774
45,986,0.015387,0.01579435,0.014379
45,987,0.017237,0.019041725,0.016909
45,988,0.018893,0.0221803,0.019351
45,989,0.018893,0.0254197,0.021548
45,990,0.027556,0.02864785,0.024393
45,991,0.031828,0.0314543,0.02738
45,992,0.031828,0.0343791,0.030068
45,993,0.035153,0.037595775,0.03282
45,994,0.037399,0.040691825,0.035522
45,995,0.037399,0.0439533,0.037953
45,996,0.045881,0.0468816,0.040989
45,997,0.048898,0.050006625,0.044024
45,998,0.048898,0.0533207,0.046755
45,999,0.059769,0.05662845,0.0503
45,1000,0.060982,0.059487125,0.053611
45,1001,0.060982,0.062527425,0.056592
45,1002,0.069831,0.065751,0.06016
45,1003,0.072346,0.068980175,0.063622
45,1004,0.072346,0.07238355,0.066738
45,1005,0.081262,0.07577945,0.070434
45,1006,0.083738,0.079086525,0.074008
45,1007,0.083738,0.0825669,0.077224
45,1008,0.087771,0.08616055,0.080523
45,1009,0.091671,0.0897128,0.083881
45,1010,0.091671,0.09345505,0.086904
45,1011,0.096405,0.097127125,0.090097
45,1012,0.100323,0.1006924,0.093363
45,1013,0.100323,0.1044648,0.096303
45,1014,0.10694,0.108273175,0.09961
45,1015,0.111273,0.1120254,0.10302
45,1016,0.111273,0.1159939,0.106089
45,1017,0.118835,0.1198872,0.109607
45,1018,0.123313,0.123705075,0.113221
45,1019,0.123313,0.127756275,0.116474
45,1020,0.130578,0.13165785,0.120128
45,1021,0.13574,0.1355291,0.123933
45,1022,0.13574,0.13962245,0.127357
45,1023,0.142708,0.1436347,0.131136
45,1024,0.14767,0.147584075,0.135033
45,1025,0.14767,0.151771325,0.13854
45,1026,0.154602,0.155873675,0.14239
45,1027,0.160983,0.159914125,0.146493
45,1028,0.160983,0.1641756,0.150185
45,1029,0.168583,0.16850625,0.154269
45,1030,0.174439,0.1727394,0.158529
45,1031,0.174439,0.177131925,0.162364
45,1032,0.182724,0.1815881,0.166643
45,1033,0.187488,0.185946325,0.170971
45,1034,0.187488,0.190551225,0.174867
45,1035,0.196139,0.19510585,0.179237
45,1036,0.201613,0.19955215,0.183719
45,1037,0.201613,0.204236875,0.187752
45,1038,0.210946,0.20888375,0.192315
45,1039,0.215832,0.213418675,0.19691
45,1040,0.215832,0.21822525,0.201046
45,1041,0.224716,0.2229668,0.205656
45,1042,0.230321,0.2275793,0.210366
45,1043,0.230321,0.232436325,0.214605
45,1044,0.239836,0.237305975,0.219372
45,1045,0.245356,0.242051575,0.224214
45,1046,0.245356,0.2470532,0.228572
45,1047,0.254197,0.252048025,0.233378
45,1048,0.260997,0.256883325,0.238383
45,1049,0.260997,0.2619263,0.242888
45,1050,0.267372,0.26692455,0.24758
45,1051,0.274652,0.2717764,0.252531
45,1052,0.274652,0.27690665,0.256986
45,1053,0.284519,0.281990875,0.261983
45,1054,0.289125,0.286956,0.266941
45,1055,0.289125,0.2921775,0.271403
45,1056,0.298662,0.297363,0.276372
45,1057,0.30471,0.30241165,0.28145
45,1058,0.30471,0.307700125,0.286019
45,1059,0.315576,0.312923075,0.291218
45,1060,0.32024,0.318023875,0.296364
45,1061,0.32024,0.323446475,0.300995
45,1062,0.330021,0.32880555,0.306141
45,1063,0.337494,0.3340245,0.31152
45,1064,0.337494,0.33946435,0.316361
45,1065,0.347735,0.344869575,0.321742
45,1066,0.354395,0.3501368,0.327251
45,1067,0.354395,0.355660225,0.332209
45,1068,0.362702,0.361141,0.337502
45,1069,0.368513,0.366451775,0.342846
45,1070,0.368513,0.372000925,0.347657
45,1071,0.379649,0.3775563,0.353099
45,1072,0.386093,0.382929675,0.358642
45,1073,0.386093,0.388586075,0.363631
45,1074,0.396348,0.3941598,0.369146
45,1075,0.403559,0.399618375,0.374831
45,1076,0.403559,0.40528565,0.379948
45,1077,0.413152,0.410923275,0.385512
45,1078,0.419864,0.4164097,0.39119
45,1079,0.419864,0.4221587,0.396301
45,1080,0.432736,0.427751175,0.402188
45,1081,0.439079,0.43322705,0.408121
45,1082,0.439079,0.4390341,0.41346
45,1083,0.447915,0.4447087,0.419149
45,1084,0.456045,0.450196475,0.425082
45,1085,0.456045,0.456029325,0.430422
45,1086,0.466293,0.4617617,0.436253
45,1087,0.473428,0.467327575,0.4415
45,1088,0.473428,0.473142075,0.446937
45,1089,0.482963,0.4788913,0.452783
45,1090,0.489587,0.48449525,0.458707
45,1091,0.489587,0.490355475,0.464038
45,1092,0.500908,0.4961136,0.469969
45,1093,0.507468,0.501710625,0.475306
45,1094,0.507468,0.50747355,0.480766
45,1095,0.515816,0.51322275,0.486514
45,1096,0.524167,0.518791675,0.492523
45,1097,0.524167,0.524624,0.497931
45,1098,0.53467,0.530323775,0.503849
45,1099,0.539275,0.53585575,0.509635
45,1100,0.539275,0.54166375,0.514843
45,1101,0.552522,0.54733845,0.520854
45,1102,0.557005,0.552854575,0.526713
45,1103,0.557005,0.55857695,0.531986
45,1104,0.570808,0.564234625,0.538111
45,1105,0.57703,0.56968905,0.544247
45,1106,0.57703,0.575403975,0.549769
45,1107,0.586975,0.58102735,0.555733
45,1108,0.592671,0.58647235,0.56167
45,1109,0.592671,0.592103725,0.567014
45,1110,0.602922,0.59768405,0.572848
45,1111,0.609974,0.603098775,0.578804
45,1112,0.609974,0.608734225,0.584165
45,1113,0.61661,0.61422325,0.589653
45,1114,0.626316,0.619548275,0.595563
45,1115,0.626316,0.625100975,0.600882
45,1116,0.636852,0.6306141,0.606722
45,1117,0.641143,0.63591845,0.612408
45,1118,0.641143,0.641474475,0.617525
45,1119,0.652184,0.646833825,0.623234
45,1120,0.659724,0.65207805,0.629127
45,1121,0.659724,0.657555775,0.63443
45,1122,0.667974,0.66279675,0.640028
45,1123,0.674222,0.66792565,0.645691
45,1124,0.674222,0.673315075,0.650788
45,1125,0.684642,0.678516425,0.656417
45,1126,0.691228,0.683562225,0.662142
45,1127,0.691228,0.68889895,0.667294
45,1128,0.698683,0.6941256,0.672676
45,1129,0.706176,0.69920985,0.67827
45,1130,0.706176,0.704499275,0.683304
45,1131,0.715005,0.709686275,0.688718
45,1132,0.720469,0.714696975,0.694136
45,1133,0.720469,0.7199227,0.699013
45,1134,0.729576,0.725130775,0.704313
45,1135,0.736341,0.7300962,0.709759
45,1136,0.736341,0.7351237,0.714661
45,1137,0.746408,0.740082125,0.720079
45,1138,0.749044,0.744933275,0.725219
45,1139,0.749044,0.750082525,0.729846
45,1140,0.758384,0.75507365,0.734943
45,1141,0.762161,0.759876275,0.739908
45,1142,0.762161,0.7647811,0.744377
45,1143,0.772582,0.769645325,0.749441
45,1144,0.778862,0.77435335,0.754627
45,1145,0.778862,0.779225725,0.759294
45,1146,0.790499,0.78402995,0.764658
45,1147,0.796041,0.788669525,0.77004
45,1148,0.796041,0.793493875,0.774884
45,1149,0.804248,0.79825495,0.780064
45,1150,0.810402,0.8028287,0.785341
45,1151,0.810402,0.807618825,0.790091
45,1152,0.819003,0.812333525,0.795226
45,1153,0.824933,0.816911625,0.799847
45,1154,0.824933,0.821704375,0.804599
45,1155,0.827416,0.8263787,0.809124
45,1156,0.835189,0.8308839,0.813974
45,1157,0.835189,0.8355691,0.81834
45,1158,0.847113,0.840148875,0.82346
45,1159,0.851829,0.84466275,0.828541
45,1160,0.851829,0.8493596,0.833113
45,1161,0.855917,0.853914675,0.837637
45,1162,0.862543,0.858375325,0.841709
45,1163,0.862543,0.86304975,0.846036
45,1164,0.869117,0.86756505,0.850587
45,1165,0.876811,0.87192335,0.855453
45,1166,0.876811,0.8764761,0.859833
45,1167,0.884202,0.8808376,0.864513
45,1168,0.889126,0.88506055,0.869218
45,1169,0.889126,0.88944885,0.873452
45,1170,0.897781,0.8937564,0.878129
45,1171,0.903593,0.8979101,0.882919
45,1172,0.903593,0.902237525,0.88723
45,1173,0.912179,0.906468675,0.891968
45,1174,0.916549,0.910551575,0.89667
45,1175,0.916549,0.914780675,0.900901
45,1176,0.923749,0.91906895,0.90543
45,1177,0.929599,0.9231629,0.91009
45,1178,0.929599,0.9274257,0.914285
45,1179,0.936918,0.9324024,0.918792
45,1180,0.940587,0.9372612,0.923215
45,1181,0.940587,0.9417676,0.927196
45,1182,0.949138,0.94686725,0.931633
45,1183,0.953194,0.95180125,0.936033
45,1184,0.953194,0.956907,0.939993
45,1185,0.960972,0.9613656,0.944334
45,1186,0.964959,0.96563185,0.94864
45,1187,0.964959,0.970714025,0.952516
45,1188,0.971573,0.975780675,0.956665
45,1189,0.97655,0.980724225,0.960897
45,1190,0.97655,0.985055825,0.964706
45,1191,0.983499,0.9892896,0.968829
45,1192,0.988249,0.993378075,0.973014
45,1193,0.988249,0.99844955,0.976781
45,1194,0.994097,1.003462175,0.980757
45,1195,0.998947,1.00836555,0.984819
45,1196,0.998947,1.01341945,0.988476
45,1197,1.005701,1.0184433,0.992442
45,1198,1.046181,1.0233209,1.000059
45,1199,1.046181,1.028340175,1.006915
45,1200,1.032085,1.033323125,1.011675
45,1201,1.059903,1.03821435,1.018742
45,1202,1.059903,1.043255275,1.025101
45,1203,1.066773,1.048225625,1.031512
45,1204,1.047461,1.053094575,1.03535
45,1205,1.047461,1.0581104,1.038805
45,1206,1.080098,1.063071075,1.045178
45,1207,1.086868,1.067932075,1.05159
45,1208,1.086868,1.072931725,1.057362
45,1209,1.06239,1.07790105,1.060108
45,1210,1.067132,1.08274595,1.063054
45,1211,1.067132,1.0877216,1.065705
45,1212,1.106452,1.092523525,1.072023
45,1213,1.112684,1.0972067,1.078333
45,1214,1.112684,1.101889875,1.084012
45,1215,1.118705,1.10642685,1.089724
45,1216,1.124703,1.110842575,1.095466
45,1217,1.124703,1.1152583,1.100633
45,1218,1.13037,1.119505175,1.10585
45,1219,1.136236,1.12274005,1.111132
45,1220,1.136236,1.125974925,1.115886
45,1221,1.142224,1.1295622,1.120763
45,1222,1.147952,1.132454025,1.125726
45,1223,1.147952,1.13640965,1.130192
45,1224,1.153827,1.1403098,1.134799
45,1225,1.159399,1.14469275,1.139503
45,1226,1.159399,1.1490757,1.143736
45,1227,1.164945,1.152642725,1.1481
45,1228,1.170346,1.1560405,1.152568
45,1229,1.170346,1.159438275,1.15659
45,1230,1.175576,1.163448,1.160732
45,1231,1.175576,1.167339175,1.16446
45,1232,1.175576,1.17123035,1.167815
45,1233,1.175576,1.174138525,1.170834
45,1234,1.175576,1.1768909,1.173552
45,1235,1.175576,1.179643275,1.175998
45,1236,1.175576,1.182245125,1.178199
45,1237,1.175576,1.184697025,1.180181
45,1238,1.175576,1.187148925,1.181964
45,1239,1.175576,1.18945915,1.183568
45,1240,1.175576,1.191622725,1.185013
45,1241,1.175576,1.1937863,1.186313
45,1242,1.218128,1.195800175,1.191738
45,1243,1.222779,1.19767085,1.197085
45,1244,1.222779,1.199541525,1.201898
45,1245,1.222779,1.201265325,1.20623
45,1246,1.222779,1.202849825,1.210128
45,1247,1.222779,1.204434325,1.213637
45,1248,1.222779,1.205880175,1.216795
45,1249,1.222779,1.207191,1.219637
45,1250,1.222779,1.208501825,1.222194
45,1251,1.222779,1.2096819,1.224496
45,1252,1.222779,1.210861975,1.226568
45,1253,1.222779,1.21204205,1.228433
45,1254,1.222779,1.213222125,1.230111
45,1255,1.222779,1.2144022,1.231622
45,1256,1.222779,1.215582275,1.232981
45,1257,1.222779,1.21676235,1.234204
45,1258,1.222779,1.217942425,1.235305
45,1259,1.222779,1.2191225,1.236296
45,1260,1.222779,1.220302575,1.237188
45,1261,1.222779,1.22148265,1.237991
45,1262,1.222779,1.222662725,1.238713
45,1263,1.222779,1.222779,1.239363
45,1264,1.222779,1.222779,1.239948
45,1265,1.222779,1.222779,1.240475
45,1266,1.222779,1.222779,1.240949
45,1267,1.222779,1.222779,1.241375
45,1268,1.222779,1.222779,1.241759
45,1269,1.222779,1.222779,1.242105
45,1270,1.222779,1.222779,1.242416
45,1271,1.222779,1.222779,1.242696
45,1272,1.222779,1.222779,1.242948
45,1273,1.222779,1.222779,1.243174
45,1274,1.222779,1.222779,1.243378
45,1275,1.222779,1.222779,1.243562
45,1276,1.222779,1.222779,1.243727
45,1277,1.222779,1.222779,1.243876
45,1278,1.222779,1.222779,1.24401
45,1279,1.222779,1.222779,1.24413
45,1280,1.222779,1.222779,1.244239
45,1281,1.222779,1.222779,1.244336
45,1282,1.222779,1.222779,1.244424
45,1283,1.222779,1.222779,1.244503
45,1284,1.222779,1.222779,1.244574
45,1285,1.222779,1.222779,1.244638
45,1286,1.222779,1.222779,1.244696
45,1287,1.222779,1.222779,1.244748
45,1288,1.222779,1.222779,1.244795
45,1289,1.222779,1.222779,1.244837
45,1290,1.222779,1.222779,1.244874
45,1291,1.222779,1.222779,1.244908
45,1292,1.222779,1.222779,1.244939
45,1293,1.222779,1.222779,1.244967
45,1294,1.222779,1.222779,1.244991
45,1295,1.222779,1.222779,1.245014
45,1296,1.222779,1.222779,1.245034
45,1297,1.222779,1.222779,1.245052
45,1298,1.222779,1.222779,1.245068
45,1299,1.222779,1.222779,1.245083
45,1300,1.222779,1.222779,1.245096
45,1301,1.222779,1.222779,1.245108
45,1302,1.222779,1.222779,1.245119
45,1303,1.222779,1.222779,1.245128
45,1304,1.222779,1.222779,1.245137
45,1305,1.222779,1.222779,1.245144
45,1306,1.222779,1.222779,1.245152
45,1307,1.222779,1.222779,1.245158
45,1308,1.222779,1.222779,1.245164
45,1309,1.222779,1.222779,1.245169
45,1310,1.222779,1.222779,1.245173
45,1311,1.222779,1.222779,1.245177
45,1312,1.222779,1.222779,1.245181
45,1313,1.222779,1.222779,1.245184
45,1314,1.222779,1.222779,1.245187
45,1315,1.222779,1.222779,1.24519
45,1316,1.222779,1.222779,1.245193
45,1317,1.222779,1.222779,1.245195
45,1318,1.222779,1.222779,1.245197
45,1319,1.222779,1.222779,1.245198
45,1320,1.222779,1.222779,1.2452
45,1321,1.222779,1.222779,1.245202
45,1322,1.222779,1.222779,1.245203
45,1323,1.222779,1.222779,1.245204
45,1324,1.222779,1.222779,1.245205
45,1325,1.222779,1.222779,1.245206
45,1326,1.222779,1.222779,1.245207
45,1327,1.222779,1.222779,1.245208
45,1328,1.222779,1.222779,1.245208
45,1329,1.222779,1.222779,1.245209
45,1330,1.222779,1.222779,1.24521
45,1331,1.222779,1.222779,1.24521
45,1332,1.222779,1.222779,1.245211
38,1333,-0.154939,-0.154939,-0.154939
38,1334,-0.154939,-0.154939,-0.154939
38,1335,-0.152424,-0.152424,-0.152423
38,1336,-0.149944,-0.149944,-0.149944
38,1337,-0.149944,-0.149944,-0.149944
38,1338,-0.147467,-0.147467,-0.147467
38,1339,-0.144855,-0.144855,-0.144855
38,1340,-0.144855,-0.144855,-0.144855
38,1341,-0.142348,-0.142348,-0.142348
38,1342,-0.139593,-0.139593,-0.139593
38,1343,-0.139593,-0.139593,-0.139593
38,1344,-0.136935,-0.136935,-0.136934
38,1345,-0.133903,-0.133903,-0.133902
38,1346,-0.133903,-0.133903,-0.133902
38,1347,-0.130912,-0.130912,-0.130911
38,1348,-0.128079,-0.128079,-0.128078
38,1349,-0.128079,-0.128079,-0.128078
38,1350,-0.124957,-0.124957,-0.124956
38,1351,-0.121842,-0.121842,-0.121842
38,1352,-0.121842,-0.121842,-0.121842
38,1353,-0.118907,-0.118907,-0.118906
38,1354,-0.115745,-0.115745,-0.115744
38,1355,-0.115745,-0.115745,-0.115744
38,1356,-0.112601,-0.112601,-0.1126
38,1357,-0.109114,-0.109114,-0.109113
38,1358,-0.109114,-0.109114,-0.109113
38,1359,-0.106149,-0.106149,-0.106149
38,1360,-0.099296,-0.099296,-0.099296
38,1361,-0.099296,-0.099296,-0.099296
38,1362,-0.095523,-0.095523,-0.095522
38,1363,-0.092153,-0.092153,-0.092153
38,1364,-0.092153,-0.092153,-0.092153
38,1365,-0.088775,-0.06587825,-0.088775
38,1366,-0.085338,-0.06460880952381,-0.083095
38,1367,-0.085338,-0.063256363636364,-0.083095
38,1368,-0.082097,-0.06182247826087,-0.079853
38,1369,-0.078985,-0.060508083333333,-0.076742
38,1370,-0.078985,-0.05911164,-0.076742
38,1371,-0.075507,-0.057638692307692,-0.073264
38,1372,-0.071963,-0.056274851851852,-0.069719
38,1373,-0.071963,-0.054840392857143,-0.069861
38,1374,-0.06821,-0.053341379310345,-0.066109
38,1375,-0.064133,-0.0519423,-0.063809
38,1376,-0.064133,-0.050482870967742,-0.06174
38,1377,-0.060107,-0.048963375,-0.059475
38,1378,-0.055977,-0.04753596969697,-0.057024
38,1379,-0.055977,-0.046048882352941,-0.054817
38,1380,-0.051842,-0.044621485714286,-0.052418
38,1381,-0.047745,-0.043273388888889,-0.049849
38,1382,-0.047745,-0.041924675675676,-0.047537
38,1383,-0.043525,-0.040572605263158,-0.045034
38,1384,-0.03922,-0.039289871794872,-0.042351
38,1385,-0.03922,-0.037978575,-0.039937
38,1386,-0.034855,-0.035350825,-0.037327
38,1387,-0.030277,-0.032809,-0.03452
38,1388,-0.030277,-0.030122525,-0.031994
38,1389,-0.025597,-0.02743855,-0.029253
38,1390,-0.020815,-0.024832375,-0.026308
38,1391,-0.020815,-0.022078925,-0.023657
38,1392,-0.01611,-0.0193167,-0.0208
38,1393,-0.011369,-0.016643075,-0.017756
38,1394,-0.011369,-0.0138032,-0.015015
38,1395,-0.0067,-0.010967775,-0.012082
38,1396,-0.001859,-0.008234275,-0.008958
38,1397,-0.001859,-0.0053352,-0.006147
38,1398,0.003025,-0.00243085,-0.003128
38,1399,0.00391,0.00037025,-0.000323
38,1400,0.00391,0.003354,0.002202
38,1401,0.006629,0.00634065,0.004747
38,1402,0.009454,0.009224875,0.007319
38,1403,0.009454,0.012267825,0.009634
38,1404,0.013162,0.0153271,0.012088
38,1405,0.016335,0.01827875,0.014615
38,1406,0.016335,0.0214037,0.016888
38,1407,0.022121,0.02453085,0.019513
38,1408,0.025262,0.02754355,0.02219
38,1409,0.025262,0.030723125,0.024598
38,1410,0.031153,0.033902475,0.027356
38,1411,0.034982,0.036962275,0.03022
38,1412,0.034982,0.040207725,0.032798
38,1413,0.041632,0.043464325,0.035783
38,1414,0.045207,0.0466024,0.038827
38,1415,0.045207,0.049910325,0.041566
38,1416,0.05183,0.05323135,0.044694
38,1417,0.056067,0.05643135,0.047933
38,1418,0.056067,0.05982735,0.050848
38,1419,0.063373,0.063204325,0.054202
38,1420,0.067624,0.066559175,0.057646
38,1421,0.067624,0.0701026,0.060745
38,1422,0.073973,0.0736988,0.06417
38,1423,0.078846,0.077224375,0.067739
38,1424,0.078846,0.080945125,0.070951
38,1425,0.085778,0.0846975,0.074536
38,1426,0.090231,0.08837055,0.078207
38,1427,0.090231,0.092245425,0.081511
38,1428,0.096906,0.096104475,0.085152
38,1429,0.101577,0.099885,0.088896
38,1430,0.101577,0.103871,0.092266
38,1431,0.109003,0.1078406,0.096041
38,1432,0.114154,0.111714475,0.099954
38,1433,0.114154,0.11579845,0.103476
38,1434,0.120948,0.1198501,0.107324
38,1435,0.126141,0.123812375,0.111308
38,1436,0.126141,0.127988825,0.114893
38,1437,0.133981,0.132136075,0.118903
38,1438,0.138104,0.1361774,0.122925
38,1439,0.138104,0.140438225,0.126544
38,1440,0.145647,0.1446693,0.130556
38,1441,0.150477,0.1487941,0.13465
38,1442,0.150477,0.153122175,0.138334
38,1443,0.158284,0.15743275,0.142431
38,1444,0.163257,0.1616215,0.146615
38,1445,0.163257,0.166035575,0.150381
38,1446,0.17133,0.170432625,0.154577
38,1447,0.176483,0.17471835,0.15887
38,1448,0.176483,0.17922695,0.162733
38,1449,0.184702,0.1837108,0.167031
38,1450,0.189937,0.188077875,0.171423
38,1451,0.189937,0.19265755,0.175376
38,1452,0.198341,0.197213975,0.179774
38,1453,0.203698,0.201641625,0.184268
38,1454,0.203698,0.206298725,0.188313
38,1455,0.212265,0.21093145,0.19281
38,1456,0.21772,0.21543435,0.197402
38,1457,0.21772,0.220155025,0.201536
38,1458,0.2265,0.22483025,0.206134
38,1459,0.232616,0.2294024,0.210884
38,1460,0.232616,0.23423035,0.215159
38,1461,0.240747,0.239002725,0.219819
38,1462,0.246396,0.24365435,0.224578
38,1463,0.246396,0.248547275,0.228862
38,1464,0.255409,0.253398,0.233618
38,1465,0.26166,0.2581244,0.238524
38,1466,0.26166,0.2631107,0.242939
38,1467,0.270575,0.2680766,0.247804
38,1468,0.27626,0.272913675,0.252752
38,1469,0.27626,0.2779523,0.257204
38,1470,0.284764,0.28297245,0.262062
38,1471,0.29126,0.287861725,0.267083
38,1472,0.29126,0.292957625,0.271602
38,1473,0.300438,0.297970225,0.276588
38,1474,0.306257,0.3028489,0.281656
38,1475,0.306257,0.308012025,0.286218
38,1476,0.314968,0.3131252,0.291195
38,1477,0.32099,0.318102,0.296276
38,1478,0.32099,0.32335365,0.300849
38,1479,0.331222,0.3285486,0.305988
38,1480,0.336542,0.33359065,0.311145
38,1481,0.336542,0.3388673,0.315786
38,1482,0.346194,0.344158125,0.320929
38,1483,0.352313,0.349307725,0.326169
38,1484,0.352313,0.354647875,0.330885
38,1485,0.362709,0.35993335,0.336169
38,1486,0.369966,0.36506255,0.34165
38,1487,0.369966,0.37046305,0.346583
38,1488,0.378028,0.375809775,0.351829
38,1489,0.385508,0.381014375,0.357299
38,1490,0.385508,0.3864515,0.362222
38,1491,0.393773,0.39185615,0.367478
38,1492,0.398845,0.3970984,0.372717
38,1493,0.398845,0.40263455,0.377431
38,1494,0.410223,0.408076925,0.382812
38,1495,0.416792,0.413373825,0.388312
38,1496,0.416792,0.418925625,0.393261
38,1497,0.427786,0.424436725,0.398815
38,1498,0.434298,0.429797275,0.404465
38,1499,0.434298,0.435471825,0.40955
38,1500,0.443682,0.4410682,0.415065
38,1501,0.45238,0.446531575,0.420898
38,1502,0.45238,0.4522562,0.426148
38,1503,0.460002,0.45787235,0.431635
38,1504,0.466828,0.463335525,0.437256
38,1505,0.466828,0.469008675,0.442315
38,1506,0.47768,0.474421925,0.447953
38,1507,0.484444,0.479929025,0.453704
38,1508,0.484444,0.485624375,0.458879
38,1509,0.493745,0.491327525,0.464468
38,1510,0.50095,0.496843675,0.470217
38,1511,0.50095,0.50258555,0.475392
38,1512,0.512706,0.50832405,0.481225
38,1513,0.518133,0.51393575,0.487018
38,1514,0.518133,0.51976955,0.492231
38,1515,0.528329,0.525487375,0.497942
38,1516,0.535412,0.531040975,0.503791
38,1517,0.535412,0.53687805,0.509054
38,1518,0.547972,0.54255985,0.515048
38,1519,0.555077,0.54807885,0.520442
38,1520,0.555077,0.55386645,0.526007
38,1521,0.565527,0.559583575,0.532061
38,1522,0.57084,0.56508325,0.53804
38,1523,0.57084,0.570855325,0.543422
38,1524,0.579239,0.576574875,0.549105
38,1525,0.579239,0.582123775,0.55422
38,1526,0.59025,0.58791815,0.559924
38,1527,0.59778,0.5936099,0.565812
38,1528,0.606154,0.59913255,0.571948
38,1529,0.606154,0.604890625,0.57747
38,1530,0.615183,0.6105648,0.583343
38,1531,0.623313,0.61605885,0.589441
38,1532,0.623313,0.621773175,0.59493
38,1533,0.632197,0.627358225,0.600758
38,1534,0.638936,0.6328076,0.606678
38,1535,0.638936,0.638486825,0.612005
38,1536,0.650275,0.644054325,0.617934
38,1537,0.655058,0.64944475,0.623748
38,1538,0.655058,0.65504465,0.628981
38,1539,0.665802,0.6604889,0.634764
38,1540,0.672367,0.665755525,0.640626
38,1541,0.672367,0.67124405,0.645902
38,1542,0.683263,0.676611225,0.65174
38,1543,0.688784,0.681845575,0.657546
38,1544,0.688784,0.68728655,0.662771
38,1545,0.698603,0.6926736,0.668456
38,1546,0.70535,0.69806065,0.674247
38,1547,0.70535,0.703405225,0.679459
38,1548,0.714767,0.708681075,0.685091
38,1549,0.720712,0.713747575,0.690755
38,1550,0.720712,0.719013875,0.695852
38,1551,0.729523,0.7242045,0.701321
38,1552,0.736108,0.729191875,0.706901
38,1553,0.736108,0.734402725,0.711924
38,1554,0.745302,0.73951955,0.717363
38,1555,0.751029,0.7444679,0.722831
38,1556,0.751029,0.749606775,0.727753
38,1557,0.759408,0.754619225,0.73302
38,1558,0.765742,0.7595121,0.738394
38,1559,0.765742,0.76459095,0.74323
38,1560,0.774618,0.76951665,0.74847
38,1561,0.780214,0.774278225,0.753746
38,1562,0.780214,0.779232175,0.758495
38,1563,0.788479,0.784056325,0.763595
38,1564,0.794721,0.78874245,0.768809
38,1565,0.794721,0.79362705,0.773502
38,1566,0.804033,0.798416625,0.778656
38,1567,0.808814,0.803037525,0.783774
38,1568,0.808814,0.807822625,0.788379
38,1569,0.816806,0.812497975,0.793324
38,1570,0.822808,0.8170247,0.798374
38,1571,0.822808,0.8217453,0.802919
38,1572,0.831747,0.826367425,0.807903
38,1573,0.83687,0.830824925,0.812901
38,1574,0.83687,0.83547205,0.8174
38,1575,0.844491,0.840006825,0.822211
38,1576,0.850773,0.844398425,0.827169
38,1577,0.850773,0.84897495,0.831631
38,1578,0.858212,0.853457525,0.83639
38,1579,0.86283,0.85778175,0.841136
38,1580,0.86283,0.862300175,0.845407
38,1581,0.870525,0.866687175,0.85002
38,1582,0.876229,0.870934275,0.854743
38,1583,0.876229,0.875376925,0.858993
38,1584,0.884168,0.879713875,0.863612
38,1585,0.890186,0.883894775,0.868371
38,1586,0.890186,0.888265825,0.872654
38,1587,0.896754,0.892500225,0.877166
38,1588,0.901781,0.8966151,0.881729
38,1589,0.901781,0.900937925,0.885836
38,1590,0.909536,0.905140375,0.890307
38,1591,0.914408,0.909192775,0.894819
38,1592,0.914408,0.9134234,0.89888
38,1593,0.921993,0.917522275,0.903293
38,1594,0.926693,0.921493075,0.907734
38,1595,0.926693,0.925629275,0.911732
38,1596,0.93409,0.930097525,0.916069
38,1597,0.938711,0.934408725,0.920435
38,1598,0.938711,0.93884425,0.924364
38,1599,0.946479,0.943220075,0.928677
38,1600,0.950098,0.94748045,0.932921
38,1601,0.950098,0.95187045,0.93674
38,1602,0.95792,0.95618815,0.94096
38,1603,0.961957,0.96036325,0.945161
38,1604,0.961957,0.964661575,0.948942
38,1605,0.969563,0.96931815,0.953106
38,1606,0.973409,0.973824275,0.957238
38,1607,0.973409,0.9783304,0.960956
38,1608,0.981727,0.982672325,0.965135
38,1609,0.984904,0.986888575,0.969214
38,1610,0.984904,0.991104825,0.972884
38,1611,0.992033,0.9951272,0.976901
38,1612,0.995702,0.999027775,0.980882
38,1613,0.995702,1.00292835,0.984466
38,1614,1.002318,1.0066393,0.988353
38,1615,1.023221,1.01023275,0.993941
38,1616,1.023221,1.0138262,0.998971
38,1617,1.028194,1.017234725,1.003995
38,1618,1.033245,1.020527725,1.009021
38,1619,1.033245,1.023820725,1.013545
38,1620,1.03843,1.026919525,1.018135
38,1621,1.043233,1.02992785,1.022267
38,1622,1.043233,1.032936175,1.026465
38,1623,1.048162,1.03574895,1.030736
38,1624,1.070431,1.0384608,1.036807
38,1625,1.070431,1.04117265,1.042271
38,1626,1.070431,1.04369435,1.047189
38,1627,1.070431,1.0461199,1.051615
38,1628,1.070431,1.04854545,1.055598
38,1629,1.070431,1.05076305,1.059183
38,1630,1.070431,1.052901225,1.062409
38,1631,1.070431,1.0550394,1.065313
38,1632,1.070431,1.05699935,1.067927
38,1633,1.070431,1.058867575,1.070279
38,1634,1.070431,1.0607358,1.072396
38,1635,1.070431,1.062438625,1.074301
38,1636,1.070431,1.063618875,1.076015
38,1637,1.070431,1.064799125,1.077559
38,1638,1.070431,1.06585505,1.078948
38,1639,1.070431,1.0667847,1.080198
38,1640,1.070431,1.06771435,1.081323
38,1641,1.070431,1.068514375,1.082335
38,1642,1.070431,1.069194325,1.083246
38,1643,1.070431,1.069874275,1.084066
38,1644,1.070431,1.070431,1.084805
38,1645,1.070431,1.070431,1.085469
38,1646,1.070431,1.070431,1.086067
38,1647,1.070431,1.070431,1.086605
38,1648,1.070431,1.070431,1.087089
38,1649,1.070431,1.070431,1.087525
38,1650,1.070431,1.070431,1.087917
38,1651,1.070431,1.070431,1.08827
38,1652,1.070431,1.070431,1.088588
38,1653,1.070431,1.070431,1.088874
38,1654,1.070431,1.070431,1.089131
38,1655,1.070431,1.070431,1.089363
38,1656,1.070431,1.070431,1.089571
38,1657,1.070431,1.070431,1.089759
38,1658,1.070431,1.070431,1.089928
38,1659,1.070431,1.070431,1.09008
38,1660,1.070431,1.070431,1.090216
38,1661,1.070431,1.070431,1.09034
38,1662,1.070431,1.070431,1.09045
38,1663,1.070431,1.070431,1.09055
38,1664,1.070431,1.070431,1.09064
38,1665,1.070431,1.070431,1.09072
38,1666,1.070431,1.070431,1.090793
38,1667,1.070431,1.070431,1.090859
38,1668,1.070431,1.070431,1.090917
38,1669,1.070431,1.070431,1.090971
38,1670,1.070431,1.070431,1.091018
38,1671,1.070431,1.070431,1.091061
38,1672,1.070431,1.070431,1.0911
38,1673,1.070431,1.070431,1.091135
38,1674,1.070431,1.070431,1.091166
38,1675,1.070431,1.070431,1.091194
38,1676,1.070431,1.070431,1.091219
38,1677,1.070431,1.070431,1.091242
38,1678,1.070431,1.070431,1.091263
38,1679,1.070431,1.070431,1.091281
38,1680,1.070431,1.070431,1.091298
38,1681,1.070431,1.070431,1.091313
38,1682,1.070431,1.070431,1.091326
38,1683,1.070431,1.070431,1.091338
38,1684,1.070431,1.070431,1.091349
38,1685,1.070431,1.070431,1.091359
38,1686,1.070431,1.070431,1.091368
38,1687,1.070431,1.070431,1.091376
38,1688,1.070431,1.070431,1.091383
38,1689,1.070431,1.070431,1.091389
38,1690,1.070431,1.070431,1.091395
38,1691,1.070431,1.070431,1.0914
38,1692,1.070431,1.070431,1.091405
38,1693,1.070431,1.070431,1.091409
38,1694,1.070431,1.070431,1.091413
38,1695,1.070431,1.070431,1.091416
38,1696,1.070431,1.070431,1.09142
38,1697,1.070431,1.070431,1.091422
38,1698,1.070431,1.070431,1.091425
38,1699,1.070431,1.070431,1.091427
38,1700,1.070431,1.070431,1.091429
38,1701,1.070431,1.070431,1.091431
38,1702,1.070431,1.070431,1.091433
38,1703,1.070431,1.070431,1.091434
38,1704,1.070431,1.070431,1.091435
38,1705,1.070431,1.070431,1.091437
38,1706,1.070431,1.070431,1.091438
38,1707,1.070431,1.070431,1.091439
38,1708,1.070431,1.070431,1.091439
38,1709,1.070431,1.070431,1.09144
38,1710,1.070431,1.070431,1.091441
38,1711,1.070431,1.070431,1.091442
38,1712,1.070431,1.070431,1.091442
38,1713,1.070431,1.070431,1.091443
38,1714,1.070431,1.070431,1.091443
38,1715,1.070431,1.070431,1.091444
38,1716,1.070431,1.070431,1.091444
38,1717,1.070431,1.070431,1.091444
38,1718,1.070431,1.070431,1.091445
38,1719,1.070431,1.070431,1.091445
38,1720,1.070431,1.070431,1.091445
38,1721,1.070431,1.070431,1.091445
38,1722,1.070431,1.070431,1.091446
38,1723,1.070431,1.070431,1.091446
38,1724,1.070431,1.070431,1.091446
38,1725,1.070431,1.070431,1.091446
38,1726,1.070431,1.070431,1.091446
38,1727,1.070431,1.070431,1.091446
38,1728,1.070431,1.070431,1.091446
38,1729,1.070431,1.070431,1.091446
38,1730,1.070431,1.070431,1.091447
38,1731,1.070431,1.070431,1.091447
38,1732,1.070431,1.070431,1.091447
38,1733,1.070431,1.070431,1.091447
38,1734,1.070431,1.070431,1.091447
38,1735,1.070431,1.070431,1.091447
38,1736,1.070431,1.070431,1.091447
38,1737,1.070431,1.070431,1.091447
38,1738,1.070431,1.070431,1.091447
38,1739,1.070431,1.070431,1.091447
38,1740,1.070431,1.070431,1.091447
38,1741,1.070431,1.070431,1.091447
38,1742,1.070431,1.070431,1.091447
38,1743,1.070431,1.070431,1.091447
38,1744,1.070431,1.070431,1.091447
38,1745,1.070431,1.070431,1.091447
38,1746,1.070431,1.070431,1.091447
38,1747,1.070431,1.070431,1.091447
38,1748,1.070431,1.070431,1.091447
38,1749,1.070431,1.070431,1.091447
38,1750,1.070431,1.070431,1.091447
38,1751,1.070431,1.070431,1.091447
38,1752,1.070431,1.070431,1.091447
38,1753,1.070431,1.070431,1.091447
38,1754,1.070431,1.070431,1.091447
38,1755,1.070431,1.070431,1.091447
38,1756,1.070431,1.070431,1.091447
38,1757,1.070431,1.070431,1.091447
38,1758,1.070431,1.070431,1.091447
38,1759,1.070431,1.070431,1.091447
38,1760,1.070431,1.070431,1.091447
38,1761,1.070431,1.070431,1.091447
38,1762,1.070431,1.070431,1.091447
38,1763,1.070431,1.070431,1.091447
38,1764,1.070431,1.070431,1.091447
38,1765,1.070431,1.070431,1.091447
38,1766,1.070431,1.070431,1.091447
38,1767,1.070431,1.070431,1.091447
38,1768,1.070431,1.070431,1.091447
38,1769,1.070431,1.070431,1.091447
38,1770,1.070431,1.070431,1.091447
38,1771,1.070431,1.070431,1.091447
38,1772,1.070431,1.070431,1.091447
38,1773,1.070431,1.070431,1.091447
38,1774,1.070431,1.070431,1.091447
38,1775,1.070431,1.070431,1.091447
38,1776,1.070431,1.070431,1.091447
38,1777,1.070431,1.070431,1.091447
38,1778,1.070431,1.070431,1.091447
38,1779,1.070431,1.070431,1.091447
38,1780,1.070431,1.070431,1.091447
38,1781,1.070431,1.070431,1.091447
38,1782,1.070431,1.070431,1.091447
38,1783,1.070431,1.070431,1.091447
38,1784,1.070431,1.070431,1.091447
38,1785,1.070431,1.070431,1.091447
38,1786,1.070431,1.070431,1.091447
38,1787,1.070431,1.070431,1.091447
38,1788,1.070431,1.070431,1.091447
38,1789,1.070431,1.070431,1.091447
38,1790,1.070431,1.070431,1.091447
38,1791,1.070431,1.070431,1.091447
38,1792,1.070431,1.070431,1.091447
38,1793,1.070431,1.070431,1.091447
38,1794,1.070431,1.070431,1.091447
38,1795,1.070431,1.070431,1.091447
38,1796,1.070431,1.070431,1.091447
38,1797,1.070431,1.070431,1.091447
38,1798,1.070431,1.070431,1.091447
38,1799,1.070431,1.070431,1.091447
38,1800,1.070431,1.070431,1.091447
38,1801,1.070431,1.070431,1.091447
38,1802,1.070431,1.070431,1.091447
38,1803,1.070431,1.070431,1.091447
38,1804,1.070431,1.070431,1.091447
38,1805,1.070431,1.070431,1.091447
38,1806,1.070431,1.070431,1.091447
38,1807,1.070431,1.070431,1.091447
38,1808,1.070431,1.070431,1.091447
38,1809,1.070431,1.070431,1.091447
38,1810,1.070431,1.070431,1.091447
38,1811,1.070431,1.070431,1.091447
38,1812,1.070431,1.070431,1.091447
38,1813,1.070431,1.070431,1.091447
38,1814,1.070431,1.070431,1.091447
38,1815,1.070431,1.070431,1.091447
38,1816,1.070431,1.070431,1.091447
38,1817,1.070431,1.070431,1.091447
38,1818,1.070431,1.070431,1.091447
38,1819,1.070431,1.070431,1.091447
38,1820,1.070431,1.070431,1.091447
38,1821,1.070431,1.070431,1.091447
38,1822,1.070431,1.070431,1.091447
38,1823,1.070431,1.070431,1.091447
38,1824,1.070431,1.070431,1.091447
38,1825,1.070431,1.070431,1.091447
38,1826,1.070431,1.070431,1.091447
38,1827,1.070431,1.070431,1.091447
38,1828,1.070431,1.070431,1.091447
38,1829,1.070431,1.070431,1.091447
38,1830,1.070431,1.070431,1.091447
38,1831,1.070431,1.070431,1.091447
38,1832,1.070431,1.070431,1.091447
38,1833,1.070431,1.070431,1.091447
38,1834,1.070431,1.070431,1.091447
38,1835,1.070431,1.070431,1.091447
38,1836,1.070431,1.070431,1.091447
38,1837,1.070431,1.070431,1.091447
38,1838,1.070431,1.070431,1.091447
38,1839,1.070431,1.070431,1.091447
38,1840,1.070431,1.070431,1.091447
38,1841,1.070431,1.070431,1.091447
38,1842,1.070431,1.070431,1.091447
21,1843,0.006509,0.0231078,0.008611
21,1844,0.006509,0.024712952380952,0.010502
21,1845,0.00855,0.026378181818182,0.012409
21,1846,0.006685,0.027898608695652,0.013938
21,1847,0.006685,0.029358666666667,0.015314
21,1848,0.005795,0.03097068,0.016464
21,1849,0.010451,0.032458692307692,0.017964
21,1850,0.010451,0.03416,0.019315
21,1851,0.017384,0.035782142857143,0.021223
21,1852,0.020654,0.037292413793104,0.023268
21,1853,0.020654,0.0390612,0.025108
21,1854,0.026904,0.040752,0.027389
21,1855,0.03233,0.042337125,0.029985
21,1856,0.03233,0.043923666666667,0.032321
21,1857,0.037947,0.045499176470588,0.034985
21,1858,0.038629,0.046984657142857,0.037451
21,1859,0.038629,0.048735333333333,0.039671
21,1860,0.040594,0.050474648648649,0.041865
21,1861,0.047233,0.052122421052632,0.044503
21,1862,0.047233,0.053966692307692,0.046878
21,1863,0.056816,0.0557703,0.049973
21,1864,0.061348,0.05876035,0.053212
21,1865,0.061348,0.06187675,0.056127
21,1866,0.06294,0.065035225,0.05891
21,1867,0.069659,0.068240325,0.062087
21,1868,0.069659,0.071739275,0.064946
21,1869,0.078394,0.075465375,0.068392
21,1870,0.07958,0.079075075,0.071613
21,1871,0.07958,0.082917575,0.074511
21,1872,0.090356,0.08678575,0.078197
21,1873,0.091476,0.090572175,0.081627
21,1874,0.091476,0.094613875,0.084713
21,1875,0.094693,0.098535375,0.087813
21,1876,0.097491,0.102321225,0.090882
21,1877,0.097491,0.106341775,0.093645
21,1878,0.110009,0.110377,0.097383
21,1879,0.11309,0.114395175,0.101055
21,1880,0.11309,0.118511475,0.10436
21,1881,0.124049,0.122644475,0.108431
21,1882,0.126111,0.1266115,0.1123
21,1883,0.126111,0.13084945,0.115783
21,1884,0.131165,0.134931475,0.119423
21,1885,0.134889,0.1389002,0.123071
21,1886,0.134889,0.143176625,0.126354
21,1887,0.146643,0.147560225,0.130485
21,1888,0.154839,0.15177585,0.135022
21,1889,0.154839,0.156116475,0.139105
21,1890,0.164151,0.160338675,0.143711
21,1891,0.172111,0.164531225,0.148653
21,1892,0.172111,0.16902215,0.1531
21,1893,0.182322,0.1733292,0.158124
21,1894,0.183764,0.17760825,0.16279
21,1895,0.183764,0.18217555,0.166989
21,1896,0.193152,0.1867378,0.171707
21,1897,0.199356,0.1912301,0.176573
21,1898,0.199356,0.1958693,0.180953
21,1899,0.203281,0.20038665,0.185287
21,1900,0.205914,0.204826975,0.189452
21,1901,0.205914,0.209429775,0.1932
21,1902,0.216751,0.213857525,0.197656
21,1903,0.220097,0.218233725,0.202002
21,1904,0.220097,0.2228105,0.205913
21,1905,0.232405,0.2273812,0.210664
21,1906,0.238284,0.2318588,0.215528
21,1907,0.238284,0.236532575,0.219905
21,1908,0.243284,0.2410398,0.224344
21,1909,0.247282,0.245342125,0.22874
21,1910,0.247282,0.2499652,0.232696
21,1911,0.259217,0.25445085,0.237449
21,1912,0.262638,0.2587375,0.24207
21,1913,0.262638,0.263205725,0.246228
21,1914,0.274168,0.26752445,0.251124
21,1915,0.277183,0.271807125,0.255831
21,1916,0.277183,0.276298075,0.260068
21,1917,0.283059,0.28067605,0.264469
21,1918,0.290703,0.284898925,0.269194
21,1919,0.290703,0.2893194,0.273446
21,1920,0.297202,0.2937681,0.277924
21,1921,0.301159,0.298150975,0.282349
21,1922,0.301159,0.30273595,0.286331
21,1923,0.309182,0.307164825,0.290718
21,1924,0.313993,0.31151005,0.295147
21,1925,0.313993,0.316075575,0.299134
21,1926,0.32184,0.320447625,0.303506
21,1927,0.326932,0.3246727,0.30795
21,1928,0.326932,0.329144125,0.31195
21,1929,0.339762,0.333582325,0.316833
21,1930,0.343577,0.337920575,0.321609
21,1931,0.343577,0.3424844,0.325907
21,1932,0.35084,0.3468335,0.330502
21,1933,0.355071,0.351097075,0.335061
21,1934,0.355071,0.355561,0.339163
21,1935,0.363402,0.359736675,0.343689
21,1936,0.368271,0.3639711,0.348249
21,1937,0.368271,0.368333175,0.352352
21,1938,0.376175,0.372707175,0.356836
21,1939,0.381229,0.376890075,0.361377
21,1940,0.381229,0.3812466,0.365464
21,1941,0.389313,0.3855478,0.369951
21,1942,0.393906,0.389750075,0.374448
21,1943,0.393906,0.394132125,0.378495
21,1944,0.402718,0.39841205,0.383019
21,1945,0.407287,0.4025717,0.387548
21,1946,0.407287,0.406897675,0.391623
21,1947,0.417141,0.41113705,0.396277
21,1948,0.420812,0.415249125,0.400832
21,1949,0.420812,0.4195262,0.404931
21,1950,0.429835,0.42361945,0.409523
21,1951,0.433181,0.427617325,0.413991
21,1952,0.433181,0.431787775,0.418011
21,1953,0.441195,0.435880125,0.422431
21,1954,0.441195,0.4398667,0.426409
21,1955,0.44656,0.443982025,0.430526
21,1956,0.451666,0.447988075,0.434742
21,1957,0.458019,0.4518724,0.439171
21,1958,0.458019,0.4559573,0.443158
21,1959,0.464964,0.4599311,0.44744
21,1960,0.46925,0.46377855,0.451723
21,1961,0.46925,0.46774405,0.455577
21,1962,0.476441,0.47163925,0.459765
21,1963,0.480379,0.475419625,0.463928
21,1964,0.480379,0.4793134,0.467675
21,1965,0.487032,0.483070025,0.471712
21,1966,0.491415,0.486712425,0.475784
21,1967,0.491415,0.4905162,0.479449
21,1968,0.498015,0.494170725,0.483407
21,1969,0.503492,0.497733475,0.486969
21,1970,0.503492,0.501432925,0.490723
21,1971,0.510395,0.504989225,0.494792
21,1972,0.514534,0.508461875,0.498868
21,1973,0.514534,0.512053125,0.502536
21,1974,0.519684,0.51554195,0.506352
21,1975,0.523644,0.519030775,0.510183
21,1976,0.523644,0.5225298,0.513631
21,1977,0.531667,0.525901175,0.517536
21,1978,0.535127,0.529180125,0.521397
21,1979,0.535127,0.532587025,0.524871
21,1980,0.539849,0.535854925,0.528471
21,1981,0.545121,0.539015675,0.532237
21,1982,0.545121,0.542337025,0.535627
21,1983,0.549657,0.545521675,0.539132
21,1984,0.552983,0.548607875,0.542619
21,1985,0.552983,0.5518179,0.545757
21,1986,0.559438,0.554916675,0.549226
21,1987,0.563322,0.557905875,0.552738
21,1988,0.563322,0.5610167,0.555898
21,1989,0.56879,0.564062,0.559288
21,1990,0.572087,0.566970375,0.56267
21,1991,0.572087,0.569962875,0.565713
21,1992,0.576831,0.57284995,0.568927
21,1993,0.580748,0.57563355,0.57221
21,1994,0.580748,0.5785487,0.575166
21,1995,0.586521,0.581367125,0.578403
21,1996,0.586521,0.58408655,0.581316
21,1997,0.589177,0.586910525,0.584204
21,1998,0.594295,0.589602725,0.586803
21,1999,0.59568,0.592208425,0.589792
21,2000,0.59568,0.5948878,0.592483
21,2001,0.602104,0.59751385,0.595546
21,2002,0.603827,0.6000081,0.598476
21,2003,0.603827,0.602583275,0.601113
21,2004,0.60878,0.60511435,0.603981
21,2005,0.610983,0.607562275,0.606783
21,2006,0.610983,0.61009195,0.609304
21,2007,0.615848,0.61249255,0.61206
21,2008,0.619827,0.61479605,0.614541
21,2009,0.619827,0.617171075,0.617171
21,2010,0.623192,0.619462125,0.619875
21,2011,0.625878,0.62167075,0.622577
21,2012,0.625878,0.623956675,0.625008
21,2013,0.63114,0.626157775,0.627723
21,2014,0.632421,0.62826095,0.630294
21,2015,0.632421,0.630429525,0.632609
21,2016,0.636603,0.632492325,0.63511
21,2017,0.639355,0.634555125,0.637361
21,2018,0.639355,0.636630325,0.639662
21,2019,0.642302,0.638609575,0.642027
21,2020,0.644891,0.6405542,0.644415
21,2021,0.644891,0.642512025,0.646564
21,2022,0.648128,0.64430925,0.648822
21,2023,0.6509,0.6461163,0.650855
21,2024,0.6509,0.64797145,0.652961
21,2025,0.65417,0.64971315,0.655183
21,2026,0.655462,0.651399775,0.657313
21,2027,0.655462,0.653153875,0.659229
21,2028,0.658323,0.65482295,0.66124
21,2029,0.660432,0.65639255,0.663261
21,2030,0.660432,0.658018025,0.66508
21,2031,0.663524,0.659586525,0.667026
21,2032,0.664875,0.661087875,0.668912
21,2033,0.664875,0.662644,0.67061
21,2034,0.667491,0.6640912,0.6724
21,2035,0.669033,0.665506375,0.674165
21,2036,0.669033,0.666866375,0.675753
21,2037,0.672185,0.668121825,0.677498
21,2038,0.673465,0.669358825,0.679068
21,2039,0.673465,0.670643975,0.68061
21,2040,0.673993,0.67187705,0.68205
21,2041,0.673993,0.6730454,0.683346
21,2042,0.676109,0.67426115,0.684723
21,2043,0.678033,0.675423,0.686156
21,2044,0.678448,0.67651555,0.687487
21,2045,0.678448,0.6776404,0.688684
21,2046,0.681147,0.67870045,0.690032
21,2047,0.682611,0.6797282,0.691392
21,2048,0.682611,0.68078085,0.692615
21,2049,0.684846,0.681761975,0.69394
21,2050,0.685932,0.682643075,0.695241
21,2051,0.685932,0.683469075,0.696412
21,2052,0.688123,0.6841959,0.697684
21,2053,0.689028,0.68488895,0.69892
21,2054,0.689028,0.685643375,0.700033
21,2055,0.686821,0.68635875,0.700813
21,2056,0.686821,0.687035575,0.701515
21,2057,0.688835,0.6877489,0.702349
21,2058,0.690761,0.68839865,0.703292
21,2059,0.691625,0.6890164,0.704227
21,2060,0.691625,0.68965595,0.705068
21,2061,0.693521,0.6902823,0.706015
21,2062,0.694602,0.690914725,0.706975
21,2063,0.694602,0.691504275,0.70784
21,2064,0.695894,0.6920472,0.708747
21,2065,0.696572,0.69257975,0.709631
21,2066,0.696572,0.6931143,0.710427
21,2067,0.697568,0.693581375,0.711242
21,2068,0.697568,0.6939527,0.711976
21,2069,0.695676,0.69425395,0.712448
21,2070,0.693472,0.69452285,0.712652
21,2071,0.692597,0.6947646,0.712748
21,2072,0.692597,0.695038325,0.712835
21,2073,0.695052,0.695257275,0.713158
21,2074,0.696106,0.6954056,0.713449
21,2075,0.696106,0.69550645,0.713816
21,2076,0.697566,0.69569675,0.714293
21,2077,0.698175,0.69588705,0.714783
21,2078,0.698175,0.695979675,0.715224
21,2079,0.699047,0.69602415,0.715707
21,2080,0.699047,0.6960228,0.716143
21,2081,0.69929,0.6960844,0.716559
21,2082,0.699691,0.69612465,0.716974
21,2083,0.69975,0.696137875,0.717347
21,2084,0.69975,0.696098025,0.717689
21,2085,0.69983,0.696025875,0.718005
21,2086,0.69983,0.695975525,0.718289
21,2087,0.697464,0.695873725,0.718308
21,2088,0.694661,0.695747025,0.718045
21,2089,0.695602,0.695653875,0.717808
21,2090,0.695602,0.695652575,0.717689
21,2091,0.696881,0.695706375,0.71771
21,2092,0.696881,0.695741125,0.717729
21,2093,0.694961,0.695821975,0.717553
21,2094,0.693062,0.69584145,0.717206
21,2095,0.694433,0.6958549,0.716893
21,2096,0.694433,0.695893975,0.716749
21,2097,0.69254,0.69589655,0.71643
21,2098,0.69254,0.695896225,0.716142
21,2099,0.691571,0.695821375,0.715787
21,2100,0.694089,0.695724725,0.715719
21,2101,0.695131,0.69565185,0.715657
21,2102,0.695131,0.6956025,0.715706
21,2103,0.693008,0.695543125,0.715538
21,2104,0.693008,0.695495675,0.715387
21,2105,0.694558,0.6954671,0.715405
21,2106,0.6925,0.695436525,0.715422
21,2107,0.6925,0.695414025,0.715232
21,2108,0.693842,0.695459375,0.715194
21,2109,0.695624,0.695514075,0.715339
21,2110,0.695624,0.69554525,0.715469
21,2111,0.693987,0.695602525,0.715422
21,2112,0.695831,0.695638775,0.715565
21,2113,0.695831,0.695675025,0.715693
21,2114,0.696644,0.695771925,0.71589
21,2115,0.697669,0.6959163,0.716169
21,2116,0.697669,0.696033125,0.716421
21,2117,0.698162,0.6961582,0.716697
21,2118,0.695181,0.6963306,0.716647
21,2119,0.695181,0.6964472,0.716602
21,2120,0.696132,0.696515825,0.716656
21,2121,0.697316,0.69650015,0.716824
21,2122,0.697316,0.696458425,0.716975
21,2123,0.697852,0.696475,0.717164
21,2124,0.698607,0.69654465,0.71741
21,2125,0.698607,0.69663705,0.717631
21,2126,0.69893,0.696712425,0.717863
21,2127,0.699278,0.69683925,0.718106
21,2128,0.696849,0.696983675,0.718325
21,2129,0.696849,0.697109275,0.718279
21,2130,0.697893,0.69719725,0.718342
21,2131,0.698331,0.697285225,0.718398
21,2132,0.698331,0.69742025,0.718493
21,2133,0.698837,0.697458925,0.718629
21,2134,0.698837,0.6974976,0.718752
21,2135,0.699106,0.697438325,0.718889
21,2136,0.699436,0.697379675,0.719045
21,2137,0.699436,0.697321025,0.719186
21,2138,0.697204,0.697287175,0.719089
21,2139,0.694316,0.697293425,0.719002
21,2140,0.693462,0.697299675,0.71855
21,2141,0.693462,0.697323275,0.718143
21,2142,0.695794,0.697332075,0.71801
21,2143,0.695794,0.697340875,0.71789
21,2144,0.696704,0.69735545,0.717873
21,2145,0.697573,0.69735875,0.717944
21,2146,0.697573,0.69736205,0.718009
21,2147,0.698277,0.697278575,0.718137
21,2148,0.698866,0.697209975,0.718312
21,2149,0.699143,0.6972021,0.718469
21,2150,0.699143,0.697221125,0.718638
21,2151,0.699388,0.6972272,0.718814
21,2152,0.697378,0.697222325,0.718772
21,2153,0.697378,0.6972335,0.718734
21,2154,0.694273,0.6971793,0.71839
21,2155,0.695323,0.6971251,0.71808
21,2156,0.695323,0.697089225,0.717906
21,2157,0.696808,0.697058025,0.717897
21,2158,0.695431,0.697026825,0.717752
21,2159,0.695431,0.6969913,0.717622
21,2160,0.697076,0.697057575,0.717669
21,2161,0.697668,0.6971452,0.717711
21,2162,0.697668,0.69725775,0.717808
21,2163,0.698435,0.697312,0.717973
21,2164,0.698739,0.6973131,0.718121
21,2165,0.698739,0.697322125,0.718284
21,2166,0.695591,0.697325425,0.718116
21,2167,0.696534,0.697328725,0.717965
21,2168,0.696534,0.6973324,0.717924
21,2169,0.69761,0.69732135,0.717994
21,2170,0.698136,0.697314575,0.718057
21,2171,0.698136,0.69722785,0.718167
21,2172,0.698778,0.697101575,0.718329
21,2173,0.696669,0.69702555,0.718476
21,2174,0.696669,0.69699465,0.718397
21,2175,0.697671,0.697041375,0.718426
21,2176,0.698188,0.697083225,0.718452
21,2177,0.698188,0.697059725,0.718527
21,2178,0.695783,0.69702535,0.718354
21,2179,0.696967,0.6970254,0.718199
21,2180,0.696967,0.69706445,0.718177
21,2181,0.697964,0.697062375,0.718258
21,2182,0.697964,0.69706045,0.71833
21,2183,0.695838,0.697076275,0.718182
21,2184,0.697065,0.697072925,0.718172
21,2185,0.697705,0.697072075,0.718227
21,2186,0.697705,0.697080925,0.718276
21,2187,0.698424,0.6971196,0.718393
21,2188,0.698424,0.6971347,0.718498
21,2189,0.698872,0.697082975,0.718637
21,2190,0.695674,0.69700435,0.718442
21,2191,0.694337,0.69694285,0.718267
21,2192,0.694337,0.69691295,0.717975
21,2193,0.696142,0.696882125,0.717894
21,2194,0.696142,0.696904025,0.71782
21,2195,0.696997,0.696846275,0.717839
21,2196,0.694383,0.696763475,0.717595
21,2197,0.695433,0.69669885,0.717376
21,2198,0.695433,0.696665075,0.717283
21,2199,0.696993,0.696691425,0.717356
21,2200,0.696993,0.696704025,0.717421
21,2201,0.697591,0.6967377,0.71754
21,2202,0.698301,0.69675635,0.717717
21,2203,0.698301,0.696775,0.717877
21,2204,0.698705,0.696857225,0.718062
21,2205,0.699093,0.696912975,0.718266
21,2206,0.697138,0.696952725,0.718255
21,2207,0.697138,0.69699755,0.718245
21,2208,0.694465,0.69702815,0.717969
21,2209,0.694465,0.69705875,0.71772
21,2210,0.695676,0.6970813,0.717617
21,2211,0.69694,0.6971838,0.717651
21,2212,0.697545,0.6973224,0.717742
21,2213,0.697545,0.6974624,0.717824
21,2214,0.694359,0.6975589,0.717579
21,2215,0.694359,0.6976554,0.717359
21,2216,0.695603,0.697642975,0.717285
21,2217,0.696837,0.6976959,0.717342
21,2218,0.696837,0.697742975,0.717393
21,2219,0.697471,0.697812225,0.717502
21,2220,0.698314,0.697842475,0.717685
21,2221,0.69871,0.697883,0.717849
21,2222,0.69871,0.697836125,0.718037
21,2223,0.699127,0.6977715,0.718206
21,2224,0.699295,0.697665925,0.7184
21,2225,0.699295,0.6975092,0.718591
21,2226,0.699498,0.697342775,0.718783
21,2227,0.699648,0.697268275,0.718956
21,2228,0.699648,0.6972368,0.719127
21,2229,0.699774,0.697291975,0.719293
21,2230,0.699774,0.69734715,0.719443
21,2231,0.699881,0.697299675,0.719588
21,2232,0.699937,0.6972206,0.719725
21,2233,0.700002,0.697158625,0.719848
21,2234,0.700002,0.69713335,0.719965
21,2235,0.6965,0.697187725,0.71972
21,2236,0.6965,0.69726325,0.719499
21,2237,0.697316,0.697239025,0.719383
21,2238,0.698203,0.69718395,0.719366
21,2239,0.698203,0.697159925,0.719352
21,2240,0.698614,0.69714695,0.719379
21,2241,0.695716,0.6971129,0.719115
21,2242,0.695716,0.697087125,0.718876
21,2243,0.694078,0.6970777,0.718498
21,2244,0.692436,0.69705785,0.717993
21,2245,0.692436,0.697045275,0.717539
21,2246,0.694158,0.69704275,0.717303
21,2247,0.695879,0.69703515,0.717262
21,2248,0.696672,0.697028925,0.717305
21,2249,0.696672,0.6970297,0.717343
21,2250,0.693777,0.697027325,0.717088
21,2251,0.693777,0.697026825,0.716858
21,2252,0.695066,0.69694855,0.716781
21,2253,0.696534,0.696868875,0.716858
21,2254,0.696534,0.69680575,0.716927
21,2255,0.69738,0.696763675,0.717074
21,2256,0.694634,0.69680915,0.716931
21,2257,0.694634,0.6968643,0.716803
21,2258,0.695876,0.69690935,0.716812
21,2259,0.696952,0.6968939,0.716928
21,2260,0.696952,0.69687845,0.717032
21,2261,0.697679,0.6967727,0.717198
21,2262,0.698333,0.6967394,0.717413
21,2263,0.698333,0.6967346,0.717607
21,2264,0.698792,0.69671545,0.717827
21,2265,0.699194,0.69673735,0.718065
21,2266,0.699194,0.696793425,0.71828
21,2267,0.699399,0.6968484,0.718493
21,2268,0.699679,0.69686035,0.718685
21,2269,0.699679,0.69687065,0.718886
21,2270,0.699754,0.6969034,0.719075
21,2271,0.69675,0.697008525,0.718944
21,2272,0.69675,0.69712505,0.718826
21,2273,0.697477,0.6972231,0.718793
21,2274,0.698319,0.69728445,0.718847
21,2275,0.698319,0.6973522,0.718896
21,2276,0.698706,0.69732155,0.718978
21,2277,0.699118,0.69735955,0.719053
21,2278,0.697585,0.697420375,0.719007
21,2279,0.697585,0.697472475,0.718967
21,2280,0.694384,0.697497675,0.71861
21,2281,0.694384,0.697535525,0.718289
21,2282,0.695524,0.6974836,0.718114
21,2283,0.693312,0.697415325,0.717736
21,2284,0.693312,0.697369025,0.717395
21,2285,0.694679,0.697337175,0.717225
21,2286,0.696357,0.697309125,0.71724
21,2287,0.696357,0.697281075,0.717253
21,2288,0.697084,0.6972639,0.717338
21,2289,0.697982,0.697187425,0.717504
21,2290,0.697982,0.69711095,0.717653
21,2291,0.698438,0.696973825,0.717833
21,2292,0.698988,0.6969447,0.71805
21,2293,0.698988,0.696915575,0.718246
21,2294,0.699244,0.696813075,0.718447
21,2295,0.696154,0.696689525,0.718319
21,2296,0.696154,0.69660365,0.718204
21,2297,0.697067,0.696542875,0.718192
21,2298,0.69796,0.6964939,0.718271
21,2299,0.69796,0.69648325,0.718341
21,2300,0.698466,0.6964146,0.718455
21,2301,0.695602,0.6964573,0.718272
21,2302,0.695602,0.6965,0.718106
21,2303,0.696481,0.6964631,0.718045
21,2304,0.697518,0.696517275,0.718094
21,2305,0.698072,0.69657145,0.718138
21,2306,0.698072,0.69662565,0.718233
21,2307,0.698712,0.6966379,0.718383
21,2308,0.69662,0.6966029,0.718517
21,2309,0.69662,0.69650255,0.718429
21,2310,0.694269,0.6963555,0.718115
21,2311,0.695585,0.69620845,0.717832
21,2312,0.695585,0.6961092,0.717709
21,2313,0.693377,0.6959962,0.717377
21,2314,0.693377,0.6959134,0.717079
21,2315,0.694884,0.6958544,0.716961
21,2316,0.696275,0.695888275,0.716994
21,2317,0.697159,0.69592215,0.717024
21,2318,0.697159,0.69595525,0.717139
21,2319,0.694839,0.695966025,0.71701
21,2320,0.696092,0.69598465,0.716895
21,2321,0.696092,0.6959176,0.716916
21,2322,0.694048,0.69592215,0.716731
21,2323,0.695479,0.695949925,0.716564
21,2324,0.695479,0.6959812,0.716557
21,2325,0.696847,0.695938925,0.716688
21,2326,0.696847,0.6958828,0.716805
21,2327,0.694957,0.6958601,0.716722
21,2328,0.69307,0.6958214,0.716458
21,2329,0.6921,0.69578995,0.716221
21,2330,0.6921,0.6957086,0.715911
21,2331,0.694468,0.695686025,0.715868
21,2332,0.694468,0.6956668,0.71583
21,2333,0.695676,0.69568625,0.715916
21,2334,0.696884,0.6957609,0.716114
21,2335,0.697509,0.695854925,0.716293
21,2336,0.697509,0.6959329,0.716516
21,2337,0.698391,0.695986075,0.716805
21,2338,0.698391,0.69601715,0.717065
21,2339,0.698705,0.696061575,0.717331
21,2340,0.695784,0.696164,0.717278
21,2341,0.695784,0.696240675,0.71723
21,2342,0.696713,0.69632485,0.71728
21,2343,0.697732,0.696460125,0.717427
21,2344,0.695827,0.696564625,0.717368
21,2345,0.695827,0.696588875,0.717316
21,2346,0.697164,0.696578925,0.717402
21,2347,0.697164,0.696519575,0.71748
21,2348,0.695362,0.6965449,0.71737
21,2349,0.693366,0.6966174,0.717071
21,2350,0.693366,0.69667545,0.716802
21,2351,0.694816,0.696780625,0.716705
21,2352,0.696363,0.696843675,0.716772
21,2353,0.696363,0.696906725,0.716833
21,2354,0.697138,0.6969637,0.716965
21,2355,0.698003,0.696990475,0.717171
21,2356,0.698402,0.69701465,0.717395
21,2357,0.698402,0.6970506,0.717598
21,2358,0.698936,0.6970645,0.717833
21,2359,0.698936,0.697085925,0.718045
21,2360,0.699159,0.69710665,0.718258
21,2361,0.699459,0.6972004,0.71848
21,2362,0.699459,0.6972988,0.718679
21,2363,0.699659,0.6973759,0.718879
21,2364,0.696449,0.697427525,0.718737
21,2365,0.696449,0.697527675,0.71861
21,2366,0.694473,0.697631375,0.718298
21,2367,0.69597,0.69770165,0.718167
21,2368,0.69597,0.697772375,0.718049
21,2369,0.694422,0.697887725,0.717788
21,2370,0.696307,0.698052975,0.717553
21,2371,0.69699,0.698219425,0.71753
21,2372,0.69699,0.698351425,0.717577
21,2373,0.697955,0.69844475,0.717717
21,2374,0.697955,0.6985392,0.717842
21,2375,0.698476,0.69861305,0.718007
21,2376,0.698947,0.698665275,0.718203
21,2377,0.698947,0.698707,0.718379
21,2378,0.699248,0.698748,0.718567
21,2379,0.699534,0.698775525,0.718765
21,2380,0.699534,0.69880305,0.718944
21,2381,0.69972,0.6988268,0.719123
21,2382,0.699797,0.69884305,0.719292
21,2383,0.699797,0.698860075,0.719444
21,2384,0.699833,0.698870875,0.719585
21,2385,0.699975,0.698961925,0.719725
21,2386,0.699975,0.6990525,0.719852
21,2387,0.699993,0.6991939,0.719968
21,2388,0.699976,0.69929865,0.72007
21,2389,0.699976,0.6994034,0.720162
21,2390,0.700024,0.6995477,0.72025
21,2391,0.700096,0.699644875,0.720336
21,2392,0.700096,0.69972525,0.720414
21,2393,0.700141,0.699804075,0.720488
21,2394,0.700092,0.699858775,0.72055
21,2395,0.700092,0.699914125,0.720606
21,2396,0.700071,0.69995665,0.720654
21,2397,0.700042,0.6999874,0.720694
21,2398,0.700037,0.700017425,0.72073
21,2399,0.700037,0.699956225,0.720762
21,2400,0.700109,0.699887875,0.720799
21,2401,0.700109,0.6998367,0.720831
21,2402,0.70014,0.69980005,0.720864
21,2403,0.700091,0.699761475,0.720888
21,2404,0.700091,0.699734025,0.72091
21,2405,0.700072,0.699717425,0.720928
21,2406,0.700129,0.699697275,0.72095
21,2407,0.70016,0.69962775,0.720969
21,2408,0.70016,0.699581375,0.72099
21,2409,0.700194,0.699535425,0.721008
21,2410,0.700194,0.69950125,0.721029
21,2411,0.700205,0.699476925,0.721048
21,2412,0.700143,0.6994508,0.721059
21,2413,0.700143,0.6994315,0.721069
21,2414,0.700169,0.699418025,0.721081
21,2415,0.700177,0.699405775,0.721092
21,2416,0.700177,0.69939705,0.721102
21,2417,0.700148,0.699391025,0.721108
21,2418,0.6968,0.699385725,0.720779
21,2419,0.6968,0.699381475,0.720483
21,2420,0.697487,0.6993794,0.720285
21,2421,0.698254,0.699375525,0.720183
21,2422,0.698254,0.699284,0.720092
21,2423,0.698699,0.699219025,0.720054
21,2424,0.699169,0.699168775,0.72002
21,2425,0.699169,0.699118525,0.720037
21,2426,0.697194,0.699084675,0.719854
21,2427,0.698138,0.6990494,0.719784
21,2428,0.698138,0.6989559,0.719721
21,2429,0.698609,0.698891575,0.719712
21,2430,0.699051,0.6988264,0.719747
21,2431,0.699051,0.698773125,0.719779
21,2432,0.699324,0.698733525,0.719835
21,2433,0.699602,0.69864385,0.719913
21,2434,0.699602,0.698554175,0.719984
21,2435,0.699743,0.6984901,0.720061
21,2436,0.69983,0.698425825,0.720131
21,2437,0.69983,0.698310075,0.720203
21,2438,0.699867,0.6982279,0.720271
21,2439,0.699954,0.698229425,0.72034
21,2440,0.699954,0.6982496,0.720403
21,2441,0.696448,0.698186525,0.72011
21,2442,0.697541,0.698131125,0.719954
21,2443,0.698081,0.698075725,0.719815
21,2444,0.698081,0.69795065,0.719743
21,2445,0.698718,0.697813825,0.719742
21,2446,0.698718,0.69764685,0.719741
21,2447,0.69642,0.6975818,0.719511
21,2448,0.697587,0.697520125,0.71942
21,2449,0.697587,0.69745845,0.719338
21,2450,0.698063,0.697329375,0.719312
21,2451,0.698621,0.69718925,0.719345
21,2452,0.696556,0.697086725,0.719374
21,2453,0.696556,0.69701745,0.719194
21,2454,0.697606,0.696957675,0.719137
21,2455,0.697606,0.6968979,0.719085
21,2456,0.695547,0.696859175,0.718833
21,2457,0.696861,0.696818275,0.718737
21,2458,0.696861,0.6967875,0.718651
21,2459,0.697607,0.6967688,0.718649
21,2460,0.694964,0.696753025,0.718382
21,2461,0.696038,0.69673725,0.718141
21,2462,0.696038,0.696816675,0.718033
21,2463,0.693696,0.696868775,0.717701
21,2464,0.693696,0.69690965,0.717402
21,2465,0.69249,0.69695455,0.717012
21,2466,0.694592,0.696983525,0.716872
21,2467,0.695671,0.69694855,0.716745
21,2468,0.695671,0.696993425,0.71674
21,2469,0.693446,0.697009125,0.716512
21,2470,0.693446,0.69697475,0.716307
21,2471,0.69495,0.696956375,0.716273
21,2472,0.696553,0.69692405,0.716402
21,2473,0.697211,0.696958025,0.716519
21,2474,0.697211,0.69700895,0.71669
21,2475,0.698194,0.697033625,0.716942
21,2476,0.698194,0.6970114,0.717169
21,2477,0.698599,0.6970672,0.717413
21,2478,0.699119,0.69709015,0.717685
21,2479,0.699323,0.6971271,0.71793
21,2480,0.699323,0.697159975,0.718171
21,2481,0.699625,0.697258925,0.718418
21,2482,0.699625,0.697337575,0.718641
21,2483,0.699716,0.6974244,0.71885
21,2484,0.699877,0.697569775,0.719054
21,2485,0.699877,0.697717525,0.719238
21,2486,0.697319,0.697899775,0.719148
21,2487,0.698215,0.698031925,0.719066
21,2488,0.698215,0.6981371,0.719083
21,2489,0.696212,0.698245225,0.718897
21,2490,0.697328,0.698408975,0.718842
21,2491,0.697328,0.698574025,0.718792
21,2492,0.697915,0.698700875,0.718806
21,2493,0.698593,0.698788525,0.718819
21,2494,0.698593,0.698859725,0.718898
21,2495,0.696717,0.6989304,0.718781
21,2496,0.697779,0.6989765,0.718783
21,2497,0.697779,0.698957275,0.718784
21,2498,0.698339,0.69894785,0.718841
21,2499,0.698922,0.698934425,0.718951
21,2500,0.698922,0.6989159,0.719049
21,2501,0.699184,0.698909675,0.719164
21,2502,0.699511,0.698900925,0.719268
21,2503,0.699511,0.698892175,0.719394
21,2504,0.699606,0.698797725,0.719517
21,2505,0.69978,0.69869925,0.719645
21,2506,0.699878,0.6986244,0.71976
21,2507,0.699878,0.69855285,0.719873
21,2508,0.699996,0.6984879,0.719987
21,2509,0.699996,0.69842295,0.720089
21,2510,0.700048,0.698441275,0.720187
21,2511,0.700024,0.6984317,0.720272
21,2512,0.700059,0.69843875,0.720353
21,2513,0.700059,0.698431125,0.720425
21,2514,0.700038,0.69833135,0.720488
21,2515,0.700038,0.698256725,0.720544
21,2516,0.697425,0.698264275,0.720334
21,2517,0.698222,0.698245275,0.720224
21,2518,0.698582,0.698241125,0.720126
21,2519,0.698582,0.698222975,0.720073
21,2520,0.699074,0.69811525,0.720075
21,2521,0.699275,0.697975775,0.720076
21,2522,0.699275,0.6977942,0.720098
21,2523,0.695938,0.69760445,0.719783
21,2524,0.695938,0.697454925,0.7195
21,2525,0.696883,0.69735705,0.71934
21,2526,0.694457,0.697254825,0.718954
